timestamp,Q_sub_maize,Q_sub_manure,Q_sub_grass,pH,VFA,TAC,FOS_TAC,T_digester,Q_gas,CH4_content,Q_ch4,Q_co2,P_gas,P_el,P_th
2024-01-01 00:00:00,15.2,9.7,0.0,7.27,1.98,13.1,0.166,308.39,875.3,58.4,,364.8,1.0126,90.5,95.2
2024-01-01 01:00:00,15.5,10.2,-0.1,7.31,2.14,12.5,0.166,307.94,869.1,57.6,500.7,366.7,1.0177,85.8,96.2
2024-01-01 02:00:00,15.0,10.1,0.0,7.33,1.66,12.7,0.166,308.0,885.8,57.2,510.3,370.6,1.0145,86.2,101.1
2024-01-01 03:00:00,15.0,10.0,-0.1,7.2,2.0,12.3,0.166,308.36,888.6,58.2,508.4,377.5,1.0164,75.2,88.2
2024-01-01 04:00:00,15.6,10.1,-0.1,7.21,2.0,12.3,0.166,308.04,857.6,58.3,514.7,366.4,1.0134,74.1,94.2
2024-01-01 05:00:00,15.4,10.1,0.1,7.19,2.28,12.8,0.166,308.34,878.6,59.0,511.2,361.6,1.0155,84.2,102.6
2024-01-01 06:00:00,15.1,10.0,0.1,7.24,2.02,12.1,0.166,308.5,890.6,57.6,513.6,368.6,1.0158,86.6,100.9
2024-01-01 07:00:00,15.4,9.9,0.0,7.27,2.13,12.4,0.166,308.08,878.1,58.9,503.3,372.2,1.0122,79.9,98.0
2024-01-01 08:00:00,15.1,10.1,0.0,7.3,2.1,12.5,0.166,308.3,887.8,59.5,525.1,367.2,1.0164,80.2,88.8
2024-01-01 09:00:00,15.2,9.9,0.2,7.24,1.76,12.6,0.166,307.94,884.6,58.2,513.5,363.0,1.0179,88.6,96.2
2024-01-01 10:00:00,15.4,10.2,0.0,7.23,2.19,12.5,0.166,308.32,885.1,57.8,519.4,370.3,1.0148,88.7,93.7
2024-01-01 11:00:00,14.8,9.8,0.3,7.26,2.11,12.7,0.166,308.21,879.6,58.3,511.0,369.0,1.0179,85.3,98.4
2024-01-01 12:00:00,14.9,10.4,0.1,7.21,2.15,12.8,0.166,308.27,870.8,58.5,518.6,362.2,1.0148,90.0,92.8
2024-01-01 13:00:00,15.3,10.3,-0.2,7.35,2.67,12.8,0.166,308.05,872.4,58.8,509.7,367.7,1.0169,80.4,91.9
2024-01-01 14:00:00,15.2,10.2,0.1,7.17,1.77,12.3,0.166,307.85,891.4,58.3,520.9,370.1,1.0108,84.6,86.8
2024-01-01 15:00:00,15.6,10.4,0.0,7.26,2.34,12.5,0.165,308.28,,59.4,516.8,370.7,1.02,94.7,103.4
2024-01-01 16:00:00,15.3,10.5,0.1,7.35,2.04,12.9,0.165,307.77,884.3,58.1,519.9,365.6,1.0182,87.0,95.5
2024-01-01 17:00:00,15.2,10.4,0.1,7.25,2.12,12.8,0.165,308.12,882.1,57.9,524.7,364.4,1.0146,87.4,98.4
2024-01-01 18:00:00,16.1,9.9,-0.0,7.24,2.07,12.2,0.165,308.38,884.0,59.3,513.9,370.7,1.0113,98.4,97.7
2024-01-01 19:00:00,15.6,10.0,-0.1,7.23,2.02,12.7,0.165,308.23,898.2,57.7,,360.8,1.0158,80.0,92.5
2024-01-01 20:00:00,15.7,10.1,-0.0,7.24,2.0,,0.165,308.58,885.0,58.7,525.5,367.4,1.0123,91.1,91.7
2024-01-01 21:00:00,15.3,10.3,-0.1,7.31,2.13,12.6,0.165,308.4,875.7,60.4,536.1,360.1,1.0161,95.6,93.1
2024-01-01 22:00:00,15.6,10.4,-0.1,7.14,1.85,13.2,0.165,308.07,897.2,58.9,523.5,369.8,1.0161,85.8,94.7
2024-01-01 23:00:00,15.8,10.2,0.1,7.32,2.19,12.3,0.165,308.21,888.5,58.4,528.6,364.4,1.0134,91.8,100.3
2024-01-02 00:00:00,15.5,10.3,0.2,7.17,2.02,12.4,0.165,308.19,891.5,59.0,525.2,370.5,1.0175,82.7,94.6
2024-01-02 01:00:00,16.0,10.2,0.0,7.23,1.91,12.8,0.165,307.89,908.0,59.0,538.2,367.3,1.0169,84.3,107.5
2024-01-02 02:00:00,15.7,10.2,-0.1,7.22,2.01,12.1,0.165,308.02,892.5,59.2,516.9,360.4,1.0172,89.8,104.0
2024-01-02 03:00:00,15.8,10.1,0.0,7.27,2.27,12.4,0.165,308.1,896.3,59.4,528.7,371.0,1.0153,92.0,103.1
2024-01-02 04:00:00,15.8,10.2,0.1,7.16,2.0,12.8,0.165,307.8,882.3,58.6,519.1,371.5,1.0124,93.7,98.6
2024-01-02 05:00:00,16.5,10.1,-0.1,7.27,2.14,12.4,0.165,308.22,892.7,60.0,514.6,368.8,1.0172,96.1,106.9
2024-01-02 06:00:00,16.0,10.2,-0.0,7.35,1.97,12.6,0.165,308.17,901.7,59.3,532.1,362.2,1.0147,88.1,98.4
2024-01-02 07:00:00,15.7,10.6,0.0,7.18,2.2,12.9,0.165,307.88,880.8,59.6,531.9,364.0,1.0125,94.5,99.4
2024-01-02 08:00:00,16.3,10.2,-0.1,7.25,2.19,12.8,0.165,308.3,899.1,59.0,,365.8,1.018,86.9,100.6
2024-01-02 09:00:00,15.7,10.9,0.1,7.21,2.36,12.7,0.165,308.37,898.8,60.0,531.9,362.4,1.0195,93.3,103.4
2024-01-02 10:00:00,16.2,10.5,-0.0,7.27,2.06,12.5,0.165,308.27,898.9,59.2,551.9,372.0,1.0152,89.9,103.2
2024-01-02 11:00:00,15.6,10.5,0.0,7.24,2.18,12.8,0.165,308.16,909.6,59.5,532.5,365.8,1.0196,91.2,97.8
2024-01-02 12:00:00,15.8,10.3,-0.1,7.21,2.1,12.6,0.165,308.35,887.8,58.9,528.6,348.2,1.0154,89.7,95.9
2024-01-02 13:00:00,16.3,10.6,-0.0,7.27,2.28,12.8,0.165,308.37,889.4,58.9,516.0,356.1,1.0144,78.6,100.7
2024-01-02 14:00:00,16.5,10.4,0.1,7.33,1.98,12.5,0.165,308.29,858.3,59.8,518.2,350.4,1.0138,80.4,100.4
2024-01-02 15:00:00,16.3,10.5,-0.0,7.23,2.2,12.6,0.165,308.07,865.6,59.3,512.8,349.7,1.0184,86.2,94.5
2024-01-02 16:00:00,16.3,11.0,0.2,7.28,2.06,12.4,0.165,308.29,862.8,59.1,510.7,347.3,1.0135,77.1,88.3
2024-01-02 17:00:00,16.2,10.5,-0.0,7.18,2.08,12.7,0.165,308.48,850.1,59.2,523.6,351.3,1.0165,89.6,95.1
2024-01-02 18:00:00,15.9,10.8,0.0,7.19,2.1,12.4,0.165,308.12,870.1,59.9,519.8,352.2,1.0139,89.8,99.3
2024-01-02 19:00:00,16.1,10.4,0.1,7.27,2.12,12.3,0.164,308.66,884.0,59.3,514.0,348.8,1.0141,87.2,105.2
2024-01-02 20:00:00,16.3,10.5,-0.1,7.32,2.07,12.8,0.164,308.14,861.3,59.6,499.9,346.3,1.0171,80.0,90.3
2024-01-02 21:00:00,16.7,10.9,-0.2,7.26,2.12,12.8,0.164,308.25,867.5,59.7,512.4,347.7,1.0143,92.7,94.3
2024-01-02 22:00:00,16.5,10.4,-0.2,7.23,2.32,12.9,0.164,308.12,864.4,58.7,531.7,348.2,1.0143,96.1,94.7
2024-01-02 23:00:00,15.9,10.9,0.1,7.24,2.24,12.6,0.164,308.3,857.7,59.0,515.0,345.2,1.0174,86.8,103.6
2024-01-03 00:00:00,16.6,10.7,-0.1,7.18,2.22,12.8,0.164,307.91,848.0,59.9,524.1,351.1,1.0183,88.8,96.8
2024-01-03 01:00:00,16.4,10.5,0.3,7.27,2.02,12.9,0.164,308.15,860.6,59.4,527.1,351.0,1.0164,87.4,92.7
2024-01-03 02:00:00,16.3,10.7,-0.1,7.29,1.95,12.8,0.164,308.04,855.3,60.3,520.9,355.8,1.0138,89.2,100.2
2024-01-03 03:00:00,16.7,10.8,0.0,7.22,2.23,12.5,0.164,308.29,887.8,60.3,515.6,355.1,1.0141,86.2,95.6
2024-01-03 04:00:00,16.9,10.8,0.2,7.22,2.22,12.8,0.164,308.46,871.1,60.2,507.1,347.8,1.0153,86.8,91.7
2024-01-03 05:00:00,16.9,10.3,0.2,7.25,2.31,12.8,0.164,308.39,870.3,60.7,526.9,354.3,1.0158,91.7,93.6
2024-01-03 06:00:00,16.4,10.5,0.2,7.22,,12.7,0.164,307.79,884.3,59.8,519.0,347.7,1.0132,99.0,106.9
2024-01-03 07:00:00,16.5,10.6,0.1,7.24,2.05,12.1,0.164,308.68,865.7,60.2,526.0,354.7,1.0166,80.5,100.4
2024-01-03 08:00:00,16.8,10.7,0.1,7.35,1.84,12.8,0.164,308.33,870.8,59.6,518.5,350.4,1.0153,87.2,99.2
2024-01-03 09:00:00,17.0,10.8,0.1,7.23,2.03,13.4,0.164,308.12,880.7,61.1,635.4,348.8,1.0117,81.9,97.6
2024-01-03 10:00:00,16.6,10.7,0.1,7.22,2.24,12.6,0.164,308.31,891.9,60.9,528.3,354.6,1.0133,96.0,100.5
2024-01-03 11:00:00,16.7,10.4,-0.1,7.21,2.02,12.5,0.164,308.31,888.1,59.9,530.8,343.2,1.0142,85.3,100.6
2024-01-03 12:00:00,16.4,10.8,-0.1,7.28,2.19,12.9,0.164,308.15,887.1,60.1,523.5,347.4,1.0151,81.1,100.9
2024-01-03 13:00:00,16.4,10.8,-0.0,7.23,2.06,12.8,0.164,308.32,886.9,60.6,538.4,354.3,1.019,91.7,100.2
2024-01-03 14:00:00,17.0,10.8,-0.0,7.21,2.14,13.1,0.164,308.16,891.7,59.9,528.6,355.8,1.0157,97.4,104.1
2024-01-03 15:00:00,17.2,11.0,-0.0,7.31,1.92,,0.164,308.21,891.2,59.6,523.1,354.5,1.0135,92.2,100.1
2024-01-03 16:00:00,16.8,10.9,0.1,7.31,2.1,13.0,0.164,308.15,880.4,60.4,533.5,350.2,1.0157,90.0,95.3
2024-01-03 17:00:00,17.1,10.8,0.1,7.21,1.64,12.9,0.164,308.0,892.6,60.0,535.3,353.8,1.0145,91.2,97.3
2024-01-03 18:00:00,16.9,10.7,0.0,7.15,2.06,12.7,0.164,308.32,882.9,60.1,537.0,359.2,1.0159,96.4,90.6
2024-01-03 19:00:00,16.6,10.4,0.1,7.29,1.85,12.9,0.164,308.41,895.9,59.6,545.1,360.5,1.0164,85.1,110.8
2024-01-03 20:00:00,17.0,10.9,-0.1,7.21,2.27,13.1,0.164,308.4,891.7,59.1,536.4,358.6,1.0177,89.1,105.2
2024-01-03 21:00:00,17.3,10.8,-0.0,7.28,2.21,13.0,0.164,308.46,923.4,60.1,538.0,363.9,1.0152,87.5,96.9
2024-01-03 22:00:00,16.9,10.8,-0.1,7.14,2.16,12.4,0.164,308.37,899.0,60.5,533.0,361.4,1.0186,84.1,99.8
2024-01-03 23:00:00,17.4,10.5,-0.2,7.28,2.32,13.0,0.163,308.2,886.8,59.9,545.4,357.3,1.0171,88.4,98.2
2024-01-04 00:00:00,16.1,10.6,-0.0,7.18,1.95,12.8,0.163,308.47,900.9,60.7,542.4,359.8,1.0139,95.8,109.2
2024-01-04 01:00:00,17.2,11.0,-0.0,7.28,2.62,12.8,0.163,308.04,908.8,59.6,539.6,355.8,1.0197,93.2,94.6
2024-01-04 02:00:00,16.9,10.8,0.2,7.24,2.23,12.8,0.163,308.13,921.7,59.5,531.5,361.6,1.016,93.7,102.4
2024-01-04 03:00:00,16.8,11.0,0.1,7.19,2.06,12.8,0.163,308.12,900.4,60.0,552.4,367.0,1.0137,91.4,101.4
2024-01-04 04:00:00,17.0,10.8,-0.1,7.22,2.26,,0.163,308.53,891.8,60.0,537.2,365.9,1.0186,93.4,106.2
2024-01-04 05:00:00,16.4,10.9,0.2,7.27,1.93,12.8,0.163,308.5,917.1,60.4,541.7,369.3,1.0195,86.9,101.7
2024-01-04 06:00:00,16.9,11.0,0.1,7.24,1.97,12.5,0.163,308.41,896.5,59.6,548.2,363.1,1.0153,89.5,93.6
2024-01-04 07:00:00,17.1,10.8,0.1,7.27,2.0,12.7,0.163,308.53,907.2,60.7,539.5,370.2,1.0144,92.1,101.3
2024-01-04 08:00:00,17.4,10.9,-0.0,7.34,2.01,12.9,0.163,308.15,910.3,61.0,538.5,364.7,1.015,92.6,97.8
2024-01-04 09:00:00,16.8,10.8,-0.1,7.16,1.93,,0.163,308.39,913.4,59.9,535.4,371.9,1.0168,93.0,103.2
2024-01-04 10:00:00,16.7,10.8,-0.0,7.32,2.28,13.0,0.163,308.3,922.2,60.6,553.1,366.5,1.0179,90.8,110.1
2024-01-04 11:00:00,16.8,10.8,0.1,7.24,2.05,12.6,0.163,308.5,909.7,59.4,546.1,370.0,1.0165,89.7,94.3
2024-01-04 12:00:00,17.3,10.9,0.2,7.19,2.15,13.6,0.163,308.31,915.0,60.5,567.6,373.7,1.0156,107.5,99.1
2024-01-04 13:00:00,17.1,10.8,0.2,7.17,2.01,12.9,0.163,308.25,918.8,60.4,544.7,367.6,1.0184,96.3,100.5
2024-01-04 14:00:00,16.8,11.2,-0.0,7.23,1.82,13.2,0.163,308.44,921.6,60.3,545.7,369.8,1.0148,93.9,101.4
2024-01-04 15:00:00,17.2,10.7,-0.1,7.28,2.13,12.8,0.163,308.51,922.3,59.9,548.4,374.7,1.0175,90.8,107.2
2024-01-04 16:00:00,17.0,10.9,0.0,7.23,1.81,13.0,0.163,308.2,926.8,58.4,553.8,369.6,1.0148,89.8,102.7
2024-01-04 17:00:00,17.3,10.8,-0.2,7.31,2.08,13.1,0.163,308.33,932.0,59.5,550.0,365.4,1.0163,91.5,105.7
2024-01-04 18:00:00,16.8,11.2,0.0,7.17,1.89,13.2,0.163,308.13,928.6,59.5,557.0,379.8,1.0152,93.7,100.6
2024-01-04 19:00:00,16.9,11.0,-0.0,7.24,2.39,13.2,0.163,307.84,930.2,59.3,,370.0,1.0153,82.9,105.0
2024-01-04 20:00:00,16.9,11.1,-0.0,7.18,2.23,13.1,0.163,308.39,910.9,59.9,546.0,373.1,1.0147,84.5,107.8
2024-01-04 21:00:00,16.6,10.6,-0.2,7.26,2.11,12.8,0.163,308.47,928.3,59.6,543.9,377.7,1.0181,89.3,100.4
2024-01-04 22:00:00,17.1,11.0,0.1,7.28,2.28,12.7,0.163,308.4,933.6,59.4,541.8,371.2,1.014,93.6,108.0
2024-01-04 23:00:00,17.1,11.1,-0.1,7.22,1.97,13.0,0.163,307.96,937.1,59.2,552.4,370.2,1.014,91.4,104.4
2024-01-05 00:00:00,17.0,11.0,-0.1,7.11,2.17,13.2,0.163,308.28,923.8,59.4,554.1,375.8,1.0197,100.0,109.5
2024-01-05 01:00:00,16.9,11.2,-0.3,7.25,2.12,12.8,0.163,307.91,925.1,60.3,552.5,368.2,1.0174,85.3,103.3
2024-01-05 02:00:00,16.6,10.9,-0.0,7.26,2.13,13.2,0.163,308.63,926.9,59.4,564.1,374.8,1.0107,89.0,106.3
2024-01-05 03:00:00,16.8,11.2,0.2,7.26,2.28,13.3,0.162,308.14,938.9,59.4,564.3,377.6,1.0144,100.4,104.2
2024-01-05 04:00:00,16.9,11.4,0.2,7.3,2.2,12.6,0.162,308.61,944.7,59.4,555.2,376.1,1.0119,93.5,104.0
2024-01-05 05:00:00,16.7,10.9,-0.0,7.18,2.14,12.6,0.162,308.55,931.2,59.8,546.7,371.6,1.0136,97.3,105.8
2024-01-05 06:00:00,16.9,10.9,-0.1,7.27,1.84,12.8,0.162,308.19,945.2,59.8,554.4,384.7,1.0092,103.2,107.3
2024-01-05 07:00:00,17.1,11.3,0.0,7.3,1.95,13.0,0.162,308.14,938.1,58.0,554.4,379.3,1.0152,89.5,98.4
2024-01-05 08:00:00,17.5,11.3,-0.1,7.15,2.07,12.7,0.162,308.44,643.4,60.0,554.3,385.2,1.0132,92.5,111.8
2024-01-05 09:00:00,17.0,10.9,0.0,7.25,2.11,13.3,0.162,308.2,936.4,60.2,554.2,379.0,1.0156,91.7,95.4
2024-01-05 10:00:00,17.0,10.9,0.1,7.21,1.92,13.0,0.162,308.39,946.7,58.9,554.6,377.1,1.0123,83.3,101.3
2024-01-05 11:00:00,16.9,10.9,0.1,7.23,2.45,12.9,0.162,308.28,943.2,59.0,556.4,382.3,1.0157,91.6,104.3
2024-01-05 12:00:00,16.3,10.7,-0.0,7.26,,12.5,0.162,308.02,963.4,59.2,555.0,380.9,1.0147,97.5,106.8
2024-01-05 13:00:00,16.9,10.8,-0.0,7.21,2.18,12.5,0.162,307.93,932.8,59.0,560.2,377.7,1.0185,95.9,112.7
2024-01-05 14:00:00,16.9,10.8,-0.1,7.2,2.1,13.0,0.162,308.43,947.1,59.5,561.2,388.8,1.0184,96.3,95.5
2024-01-05 15:00:00,17.6,10.8,-0.1,7.24,2.06,12.3,0.162,308.27,937.3,58.3,553.6,381.0,1.0171,91.3,102.3
2024-01-05 16:00:00,16.8,11.0,-0.0,7.18,1.95,13.2,0.162,308.27,934.5,58.7,566.7,376.7,1.0149,89.9,94.2
2024-01-05 17:00:00,16.9,11.0,0.0,,2.1,12.9,0.162,308.53,943.6,60.0,553.2,389.9,1.0195,99.5,105.0
2024-01-05 18:00:00,16.8,11.3,0.1,,2.13,13.9,0.162,308.62,945.7,58.7,549.4,383.1,1.0124,90.7,106.2
2024-01-05 19:00:00,16.5,10.8,-0.1,,1.91,13.6,0.162,308.34,974.0,59.8,561.4,383.3,1.0128,94.7,112.8
2024-01-05 20:00:00,17.1,11.2,0.1,,2.14,12.9,0.162,308.32,943.5,59.3,554.2,379.2,1.0154,94.0,105.4
2024-01-05 21:00:00,17.0,11.0,-0.0,,2.07,12.9,0.162,308.49,934.5,58.2,560.9,393.7,1.0201,100.5,110.0
2024-01-05 22:00:00,17.0,11.0,-0.0,,1.81,13.2,0.162,308.13,948.9,59.4,544.5,382.1,1.0152,98.0,107.7
2024-01-05 23:00:00,16.5,11.1,-0.1,7.21,1.96,13.4,0.162,308.44,925.9,59.0,567.2,388.1,1.0152,86.7,102.6
2024-01-06 00:00:00,17.1,10.8,-0.2,7.3,2.03,12.4,0.162,308.51,946.1,58.8,562.7,392.0,1.0127,87.2,97.7
2024-01-06 01:00:00,16.3,11.1,0.1,7.19,2.37,12.4,0.162,308.54,947.6,59.1,549.5,390.5,1.0175,96.0,106.1
2024-01-06 02:00:00,16.9,11.0,0.1,7.22,,12.8,0.162,308.02,955.7,59.2,549.5,389.1,1.0175,92.7,97.2
2024-01-06 03:00:00,17.3,11.1,-0.0,7.26,1.89,13.1,0.162,308.25,957.8,59.2,568.2,383.1,1.0172,90.8,111.1
2024-01-06 04:00:00,16.4,11.1,0.0,7.28,2.16,13.1,0.162,308.23,943.3,59.4,553.6,387.1,1.0143,98.1,103.8
2024-01-06 05:00:00,16.5,11.5,0.1,7.23,1.86,13.3,0.162,308.43,947.1,59.0,552.8,391.6,1.0142,93.9,110.6
2024-01-06 06:00:00,16.6,10.9,-0.2,7.21,2.25,12.6,0.161,308.51,941.2,58.1,,388.2,1.013,93.2,102.1
2024-01-06 07:00:00,16.4,10.9,-0.1,7.31,2.02,12.3,0.161,308.71,937.8,58.5,555.2,392.6,1.0158,96.8,105.8
2024-01-06 08:00:00,16.1,10.9,0.1,7.33,2.08,13.2,0.161,308.32,952.4,60.1,555.6,395.0,1.0134,91.0,105.5
2024-01-06 09:00:00,16.6,10.9,-0.1,7.29,2.29,12.7,0.161,308.32,936.7,59.0,561.0,396.6,1.0132,100.6,104.2
2024-01-06 10:00:00,16.2,10.9,0.0,7.24,1.9,12.3,0.161,308.65,945.4,59.8,548.0,388.3,1.0147,88.8,102.2
2024-01-06 11:00:00,16.6,11.2,-0.1,7.2,1.88,13.0,0.161,308.48,939.7,59.2,546.9,402.4,1.0146,96.0,106.2
2024-01-06 12:00:00,16.2,11.3,0.0,7.2,2.0,13.2,0.161,308.68,955.3,58.6,558.4,397.1,1.0145,99.8,99.6
2024-01-06 13:00:00,16.9,10.9,-0.0,7.27,2.25,12.9,0.161,308.48,967.8,58.6,561.4,394.5,1.0165,85.7,98.1
2024-01-06 14:00:00,16.2,10.8,-0.2,7.26,1.86,12.8,0.161,308.19,936.8,58.4,545.5,399.3,1.0157,90.8,110.3
2024-01-06 15:00:00,16.3,11.1,0.1,7.31,1.66,12.9,0.161,308.16,931.3,57.5,561.0,404.8,1.015,98.1,107.6
2024-01-06 16:00:00,16.6,10.9,-0.1,7.27,2.02,12.9,0.161,308.12,948.6,58.3,554.4,390.0,1.016,98.1,104.2
2024-01-06 17:00:00,16.0,11.1,-0.1,7.17,2.17,12.6,0.161,308.56,950.0,58.9,560.2,395.2,1.0136,91.4,112.1
2024-01-06 18:00:00,16.4,11.0,0.0,7.29,2.27,12.8,0.161,308.67,951.9,58.0,552.8,387.0,1.0158,88.5,102.4
2024-01-06 19:00:00,16.7,10.7,0.1,7.19,2.02,13.1,0.161,308.81,945.2,58.4,537.6,397.6,1.0159,96.9,110.3
2024-01-06 20:00:00,15.8,11.3,-0.1,7.22,2.03,13.1,0.161,308.61,947.5,58.6,551.4,398.7,1.0126,98.0,104.4
2024-01-06 21:00:00,16.3,11.3,0.0,7.25,2.26,13.0,0.161,308.67,953.0,57.7,558.1,397.4,1.0176,86.1,98.3
2024-01-06 22:00:00,16.3,10.8,0.0,7.34,1.81,12.7,0.161,308.32,959.6,57.9,545.9,395.3,1.0138,85.9,112.6
2024-01-06 23:00:00,16.4,10.9,0.1,7.4,2.03,12.9,0.161,308.21,929.4,57.5,548.4,390.0,1.0158,92.9,108.2
2024-01-07 00:00:00,15.8,11.0,0.0,7.27,2.12,12.3,0.161,308.61,945.1,57.6,549.1,400.0,1.0179,94.8,102.6
2024-01-07 01:00:00,15.7,11.0,-0.0,7.23,2.15,13.0,0.161,308.53,950.6,57.3,532.2,404.7,1.0174,90.1,106.7
2024-01-07 02:00:00,16.3,11.1,-0.1,7.27,2.01,13.4,0.161,308.47,939.0,57.5,,396.8,1.0156,94.9,100.9
2024-01-07 03:00:00,16.2,11.3,0.0,7.29,2.09,12.5,0.161,308.53,965.2,58.6,543.1,401.2,1.0149,87.9,107.0
2024-01-07 04:00:00,16.1,10.9,-0.1,7.23,1.71,12.8,0.161,308.52,941.2,57.4,550.9,393.4,1.0175,80.7,90.8
2024-01-07 05:00:00,16.1,10.8,-0.3,7.33,1.99,13.1,0.161,308.71,946.8,57.8,546.7,401.8,1.0169,89.1,97.5
2024-01-07 06:00:00,15.8,10.6,0.0,7.25,2.15,13.4,0.161,308.71,952.4,57.5,554.2,398.7,1.0143,91.4,107.4
2024-01-07 07:00:00,16.0,10.8,0.1,7.27,1.94,12.8,0.161,308.57,671.5,58.3,548.4,397.4,1.014,89.6,101.1
2024-01-07 08:00:00,16.0,10.9,-0.2,7.28,2.09,12.8,0.161,308.63,927.5,58.3,543.9,397.6,1.0114,85.1,103.3
2024-01-07 09:00:00,15.7,11.3,-0.1,7.26,2.15,12.4,0.161,308.56,941.3,58.0,539.3,399.3,1.0159,81.7,95.4
2024-01-07 10:00:00,16.4,10.8,0.1,7.28,2.03,13.0,0.161,308.37,955.4,57.7,548.7,402.6,1.0154,88.1,111.2
2024-01-07 11:00:00,16.0,10.9,0.2,7.21,2.11,13.6,0.161,308.61,941.2,57.4,532.0,396.0,1.0178,95.0,107.8
2024-01-07 12:00:00,15.4,10.9,0.0,7.22,1.94,13.1,0.161,308.19,935.6,56.9,546.4,399.9,1.0163,96.7,100.7
2024-01-07 13:00:00,16.0,11.1,-0.1,7.19,2.05,13.0,0.161,308.68,952.7,58.4,535.3,401.5,1.0182,96.2,99.6
2024-01-07 14:00:00,15.4,11.4,-0.0,7.27,2.18,13.1,0.16,308.23,939.6,57.0,548.6,397.4,1.0142,86.1,106.6
2024-01-07 15:00:00,15.9,10.8,0.1,7.28,2.11,13.0,0.16,308.53,937.2,57.7,541.4,409.1,1.0178,84.3,111.2
2024-01-07 16:00:00,16.0,10.8,-0.1,7.27,2.0,12.7,0.16,308.3,943.2,57.8,543.5,398.6,1.0145,92.4,106.0
2024-01-07 17:00:00,15.4,11.1,-0.1,7.33,2.87,13.2,0.16,308.58,948.7,57.0,539.4,399.5,1.0171,93.0,111.9
2024-01-07 18:00:00,15.9,11.0,-0.0,7.24,2.19,13.1,0.16,308.47,964.2,57.7,527.6,398.3,1.0126,91.7,96.3
2024-01-07 19:00:00,15.7,11.2,-0.1,7.28,1.78,13.0,0.16,308.16,947.9,57.6,532.2,409.5,1.016,79.5,96.7
2024-01-07 20:00:00,15.8,11.0,0.0,7.19,2.26,12.7,0.16,308.56,950.5,58.0,540.6,404.6,1.0116,85.1,94.7
2024-01-07 21:00:00,16.1,10.8,0.2,7.23,2.03,13.4,0.16,308.36,933.1,56.9,536.8,398.7,1.015,89.1,102.7
2024-01-07 22:00:00,15.4,10.9,0.0,7.28,2.15,13.2,0.16,308.66,927.2,56.4,542.1,406.9,1.0164,91.6,101.2
2024-01-07 23:00:00,15.2,11.0,-0.0,7.29,2.26,12.8,0.16,308.48,937.3,56.8,536.6,403.3,1.0145,92.9,99.4
2024-01-08 00:00:00,15.1,11.0,-0.0,7.42,1.88,13.3,0.16,308.56,936.9,57.1,527.5,403.5,1.0134,89.6,104.0
2024-01-08 01:00:00,15.1,10.9,-0.2,7.24,1.98,12.8,0.16,308.3,924.2,57.0,527.7,401.1,1.0172,90.4,106.0
2024-01-08 02:00:00,15.3,11.0,0.1,7.17,2.04,12.8,0.16,308.37,932.4,56.7,532.3,399.5,1.0153,89.0,92.1
2024-01-08 03:00:00,15.4,11.0,-0.0,7.23,1.96,12.8,0.16,308.4,937.3,55.9,517.0,403.8,1.0145,91.9,96.6
2024-01-08 04:00:00,15.4,11.1,-0.0,7.29,2.34,12.5,0.16,308.66,936.0,57.1,540.1,400.2,1.0156,89.9,103.5
2024-01-08 05:00:00,15.5,10.9,0.3,7.27,1.95,13.1,0.16,308.83,,57.8,,409.6,1.0208,88.5,96.9
2024-01-08 06:00:00,15.2,10.7,0.0,7.27,2.0,12.5,0.16,308.33,,57.0,535.7,397.2,1.0178,86.7,95.1
2024-01-08 07:00:00,15.6,10.8,-0.1,7.25,2.11,12.6,0.16,308.71,924.5,57.0,518.0,408.3,1.0178,88.3,104.0
2024-01-08 08:00:00,15.1,11.0,-0.0,7.25,1.9,12.4,0.16,308.06,923.5,57.0,534.1,401.6,1.0163,90.2,92.3
2024-01-08 09:00:00,15.9,10.6,0.1,7.21,2.6,13.0,0.16,308.26,915.6,56.9,539.1,403.1,1.0158,89.0,97.1
2024-01-08 10:00:00,15.2,10.8,0.0,7.28,2.13,13.0,0.16,308.31,944.5,57.1,516.9,405.1,1.0107,89.4,100.1
2024-01-08 11:00:00,14.8,10.6,-0.1,7.27,2.03,12.9,0.16,308.23,925.7,56.8,528.6,399.1,1.0141,94.0,95.4
2024-01-08 12:00:00,16.2,10.7,0.1,7.27,2.07,,0.161,308.19,,56.4,523.1,404.9,1.0145,88.5,102.0
2024-01-08 13:00:00,16.6,11.0,-0.1,7.22,2.01,12.6,0.161,308.59,914.2,56.1,512.9,390.4,1.0117,83.8,95.1
2024-01-08 14:00:00,16.4,10.7,0.2,7.13,1.86,13.1,0.161,308.46,,56.4,524.3,398.2,1.0131,91.3,104.8
2024-01-08 15:00:00,16.6,10.7,0.1,7.3,2.14,12.8,0.161,308.58,910.5,56.6,525.4,397.2,1.0115,79.9,96.9
2024-01-08 16:00:00,16.5,10.4,-0.0,7.22,2.35,13.1,0.161,308.65,915.9,56.3,515.9,395.6,1.0153,81.2,100.8
2024-01-08 17:00:00,16.3,10.8,0.1,7.2,2.09,12.7,0.161,308.56,923.2,56.6,525.6,399.5,1.017,88.1,101.0
2024-01-08 18:00:00,16.0,10.8,0.0,7.28,2.12,13.1,0.161,308.64,923.9,56.6,507.7,401.7,1.0176,88.9,93.9
2024-01-08 19:00:00,15.8,11.1,0.1,7.22,2.19,13.4,0.16,308.5,926.3,56.8,507.9,402.7,1.0162,79.9,86.6
2024-01-08 20:00:00,16.1,10.6,0.0,7.3,1.9,13.2,0.16,308.28,933.6,57.0,516.7,400.5,1.0135,84.1,98.5
2024-01-08 21:00:00,16.4,10.7,-0.1,7.27,2.34,12.9,0.16,308.73,,56.4,515.2,396.6,1.0115,82.8,96.9
2024-01-08 22:00:00,16.2,10.7,-0.1,7.28,2.12,13.1,0.16,308.4,902.5,55.7,509.8,400.4,1.0119,83.3,99.2
2024-01-08 23:00:00,15.7,10.9,0.1,7.17,2.33,12.9,0.16,308.33,909.3,56.1,518.1,399.1,1.0128,90.3,95.1
2024-01-09 00:00:00,16.1,10.6,-0.0,7.3,1.98,13.0,0.16,308.49,913.7,56.3,515.5,402.0,1.0136,88.9,93.9
2024-01-09 01:00:00,16.2,10.6,-0.0,7.26,2.36,12.9,0.16,308.34,930.0,55.3,516.6,401.0,1.015,85.1,105.9
2024-01-09 02:00:00,15.7,10.7,-0.1,7.23,2.2,12.9,0.16,308.44,894.1,56.9,509.8,397.7,1.0133,82.4,88.4
2024-01-09 03:00:00,16.0,10.6,0.0,7.25,2.17,13.1,0.16,308.6,918.8,56.3,513.2,393.6,1.016,78.2,99.2
2024-01-09 04:00:00,16.0,10.5,0.2,7.16,2.12,12.7,0.16,308.6,907.2,56.4,506.0,394.1,1.0149,91.9,92.5
2024-01-09 05:00:00,15.6,10.6,-0.1,7.26,2.05,12.7,0.16,308.35,912.5,56.8,520.1,394.1,1.0153,87.6,93.5
2024-01-09 06:00:00,16.0,10.7,0.0,7.19,2.26,12.6,0.16,308.43,901.8,55.8,502.0,394.6,1.0176,81.0,93.5
2024-01-09 07:00:00,16.0,10.3,0.1,7.18,2.1,12.5,0.16,308.75,893.0,56.4,518.6,396.5,1.0129,87.9,90.9
2024-01-09 08:00:00,16.1,10.5,-0.0,7.17,1.79,12.6,0.16,308.63,907.6,56.1,505.3,397.9,1.0161,83.8,97.6
2024-01-09 09:00:00,16.1,10.3,0.0,7.3,1.91,13.0,0.16,308.95,,56.0,496.0,394.3,1.0153,82.6,101.5
2024-01-09 10:00:00,15.3,10.7,-0.1,7.21,2.05,12.7,0.16,308.77,907.1,55.7,511.5,394.1,1.0146,86.1,96.7
2024-01-09 11:00:00,15.4,10.2,0.0,7.32,2.13,13.1,0.16,308.77,895.8,56.9,503.2,394.1,1.017,80.0,94.7
2024-01-09 12:00:00,15.8,10.3,-0.0,7.22,2.07,13.0,0.16,308.26,888.6,55.9,506.6,391.0,1.017,81.9,89.1
2024-01-09 13:00:00,15.8,10.5,0.1,7.16,2.26,12.4,0.16,308.69,877.6,56.4,508.0,388.8,1.0134,84.1,96.5
2024-01-09 14:00:00,15.8,10.7,0.1,7.19,1.79,13.2,0.16,308.53,899.9,55.1,501.8,384.9,1.0149,80.8,104.5
2024-01-09 15:00:00,16.7,10.4,0.3,7.31,2.1,13.2,0.16,308.43,894.6,56.6,495.3,388.6,1.0158,86.5,91.6
2024-01-09 16:00:00,15.7,10.3,0.1,7.24,1.81,12.7,0.16,308.58,879.2,56.6,503.9,392.8,1.0147,92.3,91.5
2024-01-09 17:00:00,15.9,10.8,0.0,7.22,,13.1,0.16,308.73,882.1,56.1,497.2,387.5,1.0164,79.1,90.4
2024-01-09 18:00:00,15.8,10.1,0.0,7.25,,12.7,0.16,308.65,881.3,55.9,500.4,388.7,1.0158,74.4,90.6
2024-01-09 19:00:00,15.7,9.9,-0.0,7.27,2.14,,0.16,308.37,869.7,56.2,482.5,391.0,1.0189,72.6,79.2
2024-01-09 20:00:00,15.3,10.4,0.0,7.3,1.95,12.6,0.16,308.7,874.9,57.2,497.3,390.6,1.0121,81.7,94.8
2024-01-09 21:00:00,15.6,10.2,-0.0,7.32,2.27,12.4,0.16,308.42,870.3,55.1,489.9,383.6,1.0149,79.0,88.3
2024-01-09 22:00:00,15.1,10.1,0.0,7.23,2.69,12.9,0.16,308.6,876.0,56.4,502.8,391.2,1.0134,83.2,84.4
2024-01-09 23:00:00,15.3,10.5,0.1,7.18,2.17,12.9,0.16,308.49,871.2,55.5,495.8,391.1,1.0164,82.7,96.0
2024-01-10 00:00:00,15.2,10.4,-0.1,7.23,2.06,12.9,0.16,308.51,876.2,56.0,643.9,388.2,1.012,75.3,88.3
2024-01-10 01:00:00,15.3,10.2,0.1,7.26,2.17,12.6,0.16,308.71,921.9,55.9,507.9,393.4,1.016,75.1,93.0
2024-01-10 02:00:00,16.0,10.0,0.1,7.2,1.97,12.9,0.16,308.35,624.1,55.8,632.4,404.1,1.0141,86.2,102.6
2024-01-10 03:00:00,14.7,10.4,-0.0,7.2,2.21,13.1,0.16,308.95,903.6,56.0,520.2,400.4,1.0139,85.7,88.7
2024-01-10 04:00:00,15.4,10.4,-0.2,7.27,2.33,13.0,0.16,308.2,916.3,55.4,523.6,393.0,1.0125,83.2,88.3
2024-01-10 05:00:00,14.7,10.2,-0.1,7.25,2.24,13.0,0.16,308.44,918.8,56.5,514.7,396.7,1.0144,77.1,97.4
2024-01-10 06:00:00,15.0,10.6,0.1,7.25,1.97,12.8,0.16,308.64,926.8,55.1,522.1,401.4,1.0176,87.8,101.8
2024-01-10 07:00:00,15.5,10.0,-0.0,7.21,2.13,13.3,0.16,308.68,906.5,56.3,509.0,397.6,1.0153,91.8,88.2
2024-01-10 08:00:00,15.1,9.9,-0.1,7.24,1.88,12.6,0.16,308.54,924.9,55.9,507.4,400.2,1.0166,86.7,98.1
2024-01-10 09:00:00,14.8,10.1,-0.1,7.2,2.16,13.1,0.16,308.55,907.6,55.5,512.0,401.5,1.0187,81.0,98.9
2024-01-10 10:00:00,14.8,10.2,0.1,7.29,2.14,13.3,0.16,308.65,898.7,56.2,513.8,406.7,1.0159,85.4,85.6
2024-01-10 11:00:00,15.2,10.2,0.1,7.3,1.8,13.1,0.16,308.52,918.1,55.3,508.2,399.0,1.0142,78.3,99.7
2024-01-10 12:00:00,14.8,10.1,-0.0,7.16,1.9,12.9,0.16,308.85,,56.1,513.2,403.8,1.0163,90.3,100.0
2024-01-10 13:00:00,15.0,10.2,-0.0,7.2,2.03,12.8,0.16,308.74,934.0,55.4,511.1,404.5,1.0143,85.3,93.9
2024-01-10 14:00:00,15.0,9.9,-0.0,7.17,2.03,13.3,0.16,308.75,894.7,56.3,502.6,403.8,1.0143,75.9,101.6
2024-01-10 15:00:00,14.7,10.4,-0.1,7.22,1.89,12.5,0.16,308.38,,55.6,511.1,398.5,1.0123,83.2,100.9
2024-01-10 16:00:00,15.6,10.1,0.2,7.25,2.13,12.7,0.16,308.56,899.7,55.9,512.4,388.7,1.0172,86.9,95.6
2024-01-10 17:00:00,15.1,10.3,-0.0,7.18,2.11,12.8,0.16,308.52,910.1,56.3,507.6,397.6,1.0145,82.8,92.7
2024-01-10 18:00:00,14.3,10.1,0.1,7.2,2.05,13.3,0.16,308.38,886.1,55.8,512.8,399.1,1.0157,82.9,90.0
2024-01-10 19:00:00,14.9,10.2,0.2,7.2,1.96,13.1,0.16,308.65,886.7,56.1,497.9,393.8,1.0132,78.1,94.5
2024-01-10 20:00:00,14.6,10.2,0.1,7.26,2.23,12.7,0.16,308.47,890.1,55.4,396.4,400.3,1.0162,86.9,97.4
2024-01-10 21:00:00,15.1,10.1,-0.0,7.25,2.32,12.8,0.16,308.71,897.1,56.5,496.8,395.9,1.0137,80.7,92.9
2024-01-10 22:00:00,14.6,10.2,0.0,7.21,2.0,12.8,0.16,308.37,888.4,57.1,496.5,393.9,1.015,73.1,83.4
2024-01-10 23:00:00,14.7,10.3,-0.0,7.26,1.98,12.7,0.16,308.93,899.9,57.6,498.7,395.1,1.017,81.9,100.6
2024-01-11 00:00:00,14.9,10.0,4.9,7.2,,13.2,0.163,308.4,902.1,56.3,,391.3,1.0168,88.6,95.1
2024-01-11 01:00:00,15.0,10.1,5.0,7.22,,12.5,0.163,308.63,896.3,56.7,498.0,379.1,1.0152,81.6,92.1
2024-01-11 02:00:00,14.4,10.0,4.9,7.31,,13.4,0.163,308.74,,55.4,499.3,386.3,1.0117,92.1,98.2
2024-01-11 03:00:00,14.6,10.2,5.1,7.3,,13.2,0.163,308.47,891.5,57.1,505.0,392.2,1.0212,85.5,101.4
2024-01-11 04:00:00,14.6,9.8,5.0,7.17,,13.3,0.163,308.76,873.7,56.8,497.5,383.3,1.0187,84.9,79.6
2024-01-11 05:00:00,14.5,10.3,5.0,7.27,,12.8,0.163,308.34,898.1,56.2,489.3,384.8,1.0166,82.5,95.7
2024-01-11 06:00:00,15.2,9.9,5.0,7.27,,12.9,0.163,308.88,876.9,57.0,505.0,380.6,1.0137,82.7,86.3
2024-01-11 07:00:00,14.8,9.6,5.0,7.17,2.04,12.5,0.163,308.59,890.6,56.3,492.6,391.1,1.015,81.6,95.8
2024-01-11 08:00:00,14.3,9.9,5.1,7.27,2.09,12.8,0.163,308.47,895.8,56.2,496.7,389.8,1.0141,81.3,93.8
2024-01-11 09:00:00,14.9,9.7,5.0,7.31,2.1,13.1,0.163,308.53,883.2,56.7,499.2,378.6,1.0177,85.4,96.3
2024-01-11 10:00:00,15.3,10.0,5.1,7.18,1.84,13.3,0.163,308.76,862.3,56.0,497.2,381.9,1.0157,78.0,90.5
2024-01-11 11:00:00,14.9,9.7,4.9,7.19,2.33,12.6,0.163,308.48,866.6,57.1,502.0,377.7,1.0136,77.2,83.5
2024-01-11 12:00:00,14.1,9.7,5.0,7.28,2.11,12.8,0.163,308.45,887.6,56.1,497.8,382.0,1.0142,76.9,90.5
2024-01-11 13:00:00,14.4,9.4,5.2,7.25,2.17,12.9,0.163,308.55,871.3,56.1,489.2,380.7,1.0174,92.6,94.7
2024-01-11 14:00:00,15.0,9.7,4.9,7.26,2.24,12.5,0.163,308.36,872.4,56.2,506.9,381.0,1.0183,85.0,97.7
2024-01-11 15:00:00,14.4,9.3,4.9,7.25,1.95,13.1,0.163,308.96,877.8,57.1,494.5,378.2,1.0182,83.8,86.6
2024-01-11 16:00:00,14.7,9.5,5.1,7.25,2.17,12.7,0.163,308.49,875.8,56.4,492.0,387.7,1.0166,76.9,97.6
2024-01-11 17:00:00,14.8,9.9,5.0,7.17,2.06,12.8,0.163,308.77,870.3,56.1,498.2,371.0,1.0146,85.2,89.1
2024-01-11 18:00:00,14.3,9.9,5.0,7.29,,12.8,0.163,308.64,864.1,56.5,493.4,367.4,1.0086,81.4,94.1
2024-01-11 19:00:00,14.5,9.8,5.0,7.29,1.78,12.6,0.163,308.41,861.7,56.8,493.9,371.8,1.0157,83.0,89.6
2024-01-11 20:00:00,13.6,9.5,5.1,7.22,2.09,12.9,0.163,308.6,872.1,56.3,506.0,366.2,1.0151,77.0,93.0
2024-01-11 21:00:00,14.2,9.7,5.1,7.23,2.01,12.8,0.163,308.76,867.7,56.3,,365.6,1.0154,82.6,96.4
2024-01-11 22:00:00,14.4,9.7,5.0,7.16,,12.8,0.163,308.57,858.3,58.0,488.3,366.7,1.0152,79.6,85.8
2024-01-11 23:00:00,14.1,9.5,5.0,7.26,2.17,12.7,0.163,308.84,870.4,56.5,490.5,366.2,1.0124,77.8,88.4
2024-01-12 00:00:00,15.0,10.0,5.1,7.26,1.99,13.0,0.163,308.81,857.1,56.9,495.8,365.2,1.0162,85.2,92.7
2024-01-12 01:00:00,14.1,9.8,5.2,7.23,1.99,13.4,0.163,308.79,848.6,56.9,480.0,370.2,1.0163,73.8,103.7
2024-01-12 02:00:00,14.4,9.6,5.0,7.29,2.08,12.9,0.163,308.52,848.3,56.9,476.8,365.2,1.0164,84.3,87.3
2024-01-12 03:00:00,14.5,9.7,4.9,7.0,1.97,13.2,0.163,308.39,844.8,57.4,484.7,365.7,1.0169,84.8,101.7
2024-01-12 04:00:00,14.9,9.7,5.1,7.26,2.23,12.4,0.163,308.49,850.7,57.6,478.1,369.1,1.0162,76.9,101.5
2024-01-12 05:00:00,14.1,9.2,5.0,7.18,2.04,12.9,0.163,308.65,864.6,57.1,485.0,361.6,1.0142,77.2,90.9
2024-01-12 06:00:00,14.8,9.6,4.8,7.23,1.66,12.5,0.163,308.72,843.0,56.6,490.2,362.8,1.0149,80.1,89.9
2024-01-12 07:00:00,14.5,9.5,5.1,7.22,2.04,12.4,0.163,308.18,851.8,57.9,481.6,364.4,1.0152,82.6,87.8
2024-01-12 08:00:00,14.2,9.4,4.9,7.24,1.94,12.6,0.163,308.61,842.2,57.3,478.0,354.4,1.0152,80.3,90.9
2024-01-12 09:00:00,14.6,9.5,5.0,7.22,1.85,13.2,0.163,308.65,845.0,58.2,486.7,351.8,1.017,83.2,84.1
2024-01-12 10:00:00,14.6,9.9,5.0,7.23,1.91,13.1,0.164,308.56,831.4,56.3,491.2,361.9,1.0163,89.8,90.7
2024-01-12 11:00:00,14.3,9.7,5.0,7.28,2.12,12.9,0.164,308.87,843.2,57.6,475.6,361.6,1.0191,78.4,98.6
2024-01-12 12:00:00,14.5,9.4,5.1,7.21,2.3,12.4,0.164,308.7,893.4,58.5,519.7,388.8,1.0197,77.2,93.5
2024-01-12 13:00:00,14.4,9.6,5.0,7.15,2.15,12.8,0.164,308.88,935.3,57.4,,395.5,1.0156,93.3,99.1
2024-01-12 14:00:00,14.6,9.8,5.1,7.32,2.01,12.9,0.164,308.58,956.1,57.5,555.0,407.9,1.0079,100.0,94.5
2024-01-12 15:00:00,14.7,9.7,5.0,7.3,2.17,12.9,0.164,308.81,958.3,57.8,566.5,410.4,1.0182,95.2,106.7
2024-01-12 16:00:00,15.0,9.5,5.1,7.17,2.03,12.3,0.164,308.95,992.4,57.4,579.3,416.7,1.0147,88.9,107.5
2024-01-12 17:00:00,14.2,9.4,5.1,7.27,1.99,12.5,0.164,308.88,991.2,57.6,568.7,425.0,1.0142,94.5,107.4
2024-01-12 18:00:00,15.2,9.6,4.9,7.21,1.93,12.8,0.164,308.4,996.2,57.6,574.8,411.5,1.0151,90.1,106.6
2024-01-12 19:00:00,14.0,9.5,5.1,7.25,1.84,13.0,0.164,308.57,997.3,57.5,574.0,422.6,1.015,99.3,106.6
2024-01-12 20:00:00,14.5,9.6,4.9,7.25,2.04,12.1,0.164,308.55,994.2,58.5,578.1,429.9,1.0171,89.6,110.9
2024-01-12 21:00:00,14.7,9.6,5.1,7.22,2.12,12.8,0.164,308.72,1002.7,58.1,588.4,422.5,1.0128,95.0,108.5
2024-01-12 22:00:00,14.7,9.6,5.0,7.19,2.08,12.8,0.164,308.76,1005.9,58.1,571.9,427.8,1.0137,91.6,110.3
2024-01-12 23:00:00,14.4,9.3,5.2,7.2,,13.1,0.164,308.46,983.8,58.4,575.3,418.3,1.0166,97.4,109.9
2024-01-13 00:00:00,14.5,9.7,5.0,7.19,1.96,13.0,0.164,308.64,995.7,57.9,589.1,420.2,1.0171,95.0,114.5
2024-01-13 01:00:00,14.5,9.4,5.0,7.19,2.19,13.0,0.164,308.22,998.2,57.7,587.2,419.8,1.0172,97.7,112.3
2024-01-13 02:00:00,14.4,9.8,5.0,7.23,1.9,12.5,0.164,308.92,1002.8,57.8,579.0,410.2,1.0143,97.0,109.9
2024-01-13 03:00:00,14.9,9.2,5.0,7.2,2.22,12.2,0.164,308.53,1011.6,58.1,586.4,413.7,1.0139,92.0,116.6
2024-01-13 04:00:00,14.8,9.7,5.1,7.27,1.95,12.7,0.164,308.64,991.4,57.7,583.4,413.3,1.0149,100.0,111.1
2024-01-13 05:00:00,14.5,9.4,4.8,7.31,1.99,,0.164,308.57,993.5,58.0,590.5,420.3,1.0164,96.7,115.5
2024-01-13 06:00:00,14.9,9.2,4.9,7.2,1.88,13.2,0.164,308.86,992.7,58.0,582.0,419.8,1.0188,92.0,112.1
2024-01-13 07:00:00,14.8,9.2,4.9,7.25,2.02,13.0,0.164,308.06,989.2,59.4,587.7,416.9,1.0118,108.1,99.8
2024-01-13 08:00:00,15.0,9.3,5.1,7.26,2.25,12.9,0.164,308.63,993.0,57.0,597.5,418.2,1.0154,99.3,115.6
2024-01-13 09:00:00,14.9,9.4,5.2,7.26,2.18,12.9,0.165,308.61,641.2,58.3,585.3,413.6,1.0132,96.2,109.7
2024-01-13 10:00:00,14.5,9.4,5.0,7.24,,12.6,0.165,308.54,984.7,59.3,582.0,418.3,1.0125,104.0,108.8
2024-01-13 11:00:00,14.6,9.2,5.0,7.27,2.18,12.7,0.165,308.98,998.9,58.6,586.1,412.9,1.0178,106.2,110.5
2024-01-13 12:00:00,15.0,9.3,5.0,7.26,1.93,13.2,0.165,308.46,977.0,58.9,579.7,412.4,1.0169,96.3,107.4
2024-01-13 13:00:00,15.0,9.7,5.1,7.17,2.05,12.5,0.165,308.79,987.9,58.6,596.3,410.5,1.0167,98.7,110.3
2024-01-13 14:00:00,14.8,9.6,4.9,7.28,1.98,13.2,0.165,308.71,989.6,58.3,583.1,413.6,1.0177,92.1,106.2
2024-01-13 15:00:00,14.9,9.3,5.0,7.28,2.3,12.6,0.165,308.89,1009.1,57.5,580.5,408.6,1.0149,96.3,115.5
2024-01-13 16:00:00,15.2,9.3,5.1,7.2,1.92,13.1,0.165,308.5,989.1,58.8,577.2,413.5,1.015,96.0,108.6
2024-01-13 17:00:00,14.7,9.3,5.1,7.24,,12.3,0.165,308.49,969.4,58.4,588.9,404.5,1.0202,98.0,107.3
2024-01-13 18:00:00,15.1,9.4,5.0,7.27,2.23,12.9,0.165,308.86,970.9,58.4,587.7,404.0,1.0153,98.7,104.6
2024-01-13 19:00:00,14.9,9.0,5.1,7.22,2.37,12.5,0.165,308.72,990.8,58.6,579.6,410.6,1.0173,99.9,110.6
2024-01-13 20:00:00,14.9,9.2,4.7,7.29,2.04,12.3,0.165,308.33,996.2,59.7,586.2,406.9,1.0158,98.3,110.2
2024-01-13 21:00:00,15.3,8.9,5.1,7.35,2.21,12.8,0.165,308.53,993.4,60.1,573.9,404.9,1.0121,91.1,111.2
2024-01-13 22:00:00,15.2,9.3,4.9,7.19,2.44,13.0,0.165,308.72,991.0,59.0,584.2,409.8,1.0117,92.5,104.2
2024-01-13 23:00:00,15.2,9.3,4.8,7.46,2.01,12.5,0.165,308.81,1000.6,58.7,586.0,403.2,1.0147,94.5,101.4
2024-01-14 00:00:00,15.4,9.1,0.1,7.27,1.84,12.3,0.163,308.5,,58.4,593.7,404.4,1.0179,95.8,112.5
2024-01-14 01:00:00,15.1,9.5,0.1,7.29,1.79,12.7,0.163,308.06,997.2,59.3,579.0,410.3,1.0174,102.5,116.9
2024-01-14 02:00:00,15.3,8.9,-0.0,7.24,2.18,12.7,0.163,308.74,971.7,60.0,576.2,410.3,1.0176,91.5,104.3
2024-01-14 03:00:00,15.0,8.9,0.1,7.33,1.79,12.9,0.163,308.4,978.7,59.0,578.7,410.0,1.0138,95.6,117.5
2024-01-14 04:00:00,15.2,9.2,0.2,7.19,2.01,13.0,0.163,308.24,969.4,58.0,576.2,402.1,1.019,102.1,111.0
2024-01-14 05:00:00,15.1,9.4,0.1,7.29,2.14,,0.163,308.07,984.6,59.5,592.5,407.8,1.0139,95.9,109.6
2024-01-14 06:00:00,15.2,9.5,0.2,7.22,2.1,,0.163,308.8,986.7,59.7,594.0,398.6,1.0162,99.8,107.6
2024-01-14 07:00:00,15.4,9.0,0.1,7.34,2.13,12.7,0.163,308.67,988.1,58.5,586.9,398.4,1.0158,96.8,102.8
2024-01-14 08:00:00,15.0,9.3,0.0,7.35,2.1,12.6,0.163,308.6,987.4,59.4,592.5,392.2,1.0155,98.8,114.7
2024-01-14 09:00:00,15.9,9.1,-0.2,7.21,2.26,12.2,0.164,308.92,977.4,59.6,586.2,407.9,1.0185,96.4,105.9
2024-01-14 10:00:00,15.0,9.1,-0.0,7.22,1.93,12.6,0.164,308.77,984.7,59.3,585.1,397.4,1.0144,101.0,105.9
2024-01-14 11:00:00,14.9,9.3,-0.1,7.3,1.97,12.6,0.164,308.97,971.5,59.0,684.2,400.0,1.0131,89.9,114.8
2024-01-14 12:00:00,15.7,9.2,0.2,7.23,1.96,12.9,0.164,308.37,1000.1,59.9,584.4,396.6,1.0158,95.9,100.5
2024-01-14 13:00:00,15.6,8.8,-0.0,7.25,2.2,12.8,0.164,308.64,629.9,59.3,577.2,402.7,1.015,99.2,102.4
2024-01-14 14:00:00,15.6,9.4,0.0,7.25,2.21,12.3,0.164,308.32,981.5,58.7,588.4,398.1,1.0226,100.5,109.9
2024-01-14 15:00:00,15.6,9.4,0.1,7.16,2.14,12.7,0.164,308.6,1002.3,58.5,586.9,394.1,1.0172,105.3,111.5
2024-01-14 16:00:00,15.5,9.0,0.0,7.25,2.25,12.8,0.164,308.6,974.1,60.2,591.9,400.9,1.015,95.9,112.6
2024-01-14 17:00:00,15.2,9.2,0.2,7.22,,13.1,0.164,308.77,975.3,59.9,588.3,393.1,1.0137,105.4,108.7
2024-01-14 18:00:00,15.5,9.2,-0.1,7.23,2.32,12.9,0.164,308.65,975.7,59.6,587.1,395.3,1.012,94.7,122.9
2024-01-14 19:00:00,15.3,9.1,0.0,7.32,2.3,12.9,0.164,308.77,986.1,59.4,583.1,390.0,1.0138,104.7,109.2
2024-01-14 20:00:00,15.9,9.0,-0.1,7.19,2.18,12.6,0.164,308.79,991.2,59.4,589.1,392.5,1.016,102.2,109.2
2024-01-14 21:00:00,15.6,8.9,-0.1,7.29,2.34,12.7,0.164,309.08,,59.1,593.4,398.8,1.0187,93.6,106.5
2024-01-14 22:00:00,15.4,9.1,-0.1,7.24,1.82,13.0,0.164,308.58,1013.0,59.5,582.5,390.0,1.0181,99.8,111.1
2024-01-14 23:00:00,15.6,9.3,-0.0,7.24,1.99,12.2,0.164,308.46,964.9,58.7,590.2,391.8,1.0163,98.0,113.6
2024-01-15 00:00:00,15.8,9.2,-0.0,7.29,1.96,12.5,0.165,308.7,993.7,59.4,591.4,397.6,1.0152,101.5,116.7
2024-01-15 01:00:00,15.6,9.0,-0.1,7.27,,12.4,0.165,308.49,982.3,59.6,586.1,395.3,1.0163,97.3,103.3
2024-01-15 02:00:00,15.5,9.2,-0.1,7.28,1.92,12.7,0.165,308.94,982.3,60.1,,405.4,1.0148,96.9,109.5
2024-01-15 03:00:00,15.9,8.5,-0.0,7.06,2.19,13.0,0.165,308.59,982.3,59.8,592.5,404.7,1.0193,105.4,113.1
2024-01-15 04:00:00,15.9,9.3,-0.2,7.23,2.28,12.4,0.165,308.54,979.7,60.2,584.7,393.8,1.0154,98.1,113.8
2024-01-15 05:00:00,15.7,8.7,0.1,7.22,2.18,11.9,0.165,308.55,1006.0,60.5,594.0,399.5,1.0156,102.8,111.0
2024-01-15 06:00:00,15.8,9.0,0.0,7.2,2.12,12.5,0.165,308.79,997.9,60.4,586.9,400.2,1.0114,97.6,113.8
2024-01-15 07:00:00,16.0,8.8,-0.1,7.21,1.93,12.8,0.165,308.62,,60.1,599.0,394.8,1.0154,107.1,107.1
2024-01-15 08:00:00,15.5,8.8,-0.0,7.4,1.95,12.7,0.165,308.52,1003.8,59.9,607.1,391.2,1.0175,95.4,119.0
2024-01-15 09:00:00,15.6,9.3,-0.1,7.31,2.26,12.7,0.165,308.98,975.6,59.4,588.3,397.2,1.0137,95.8,116.2
2024-01-15 10:00:00,15.8,8.9,0.0,7.18,2.19,12.5,0.165,308.48,977.8,60.3,597.0,396.6,1.0143,106.6,104.6
2024-01-15 11:00:00,16.0,9.1,0.1,7.18,2.07,12.2,0.165,308.66,969.8,60.8,589.9,395.6,1.0174,96.8,106.0
2024-01-15 12:00:00,16.2,9.0,-0.2,7.27,2.01,12.7,0.165,308.78,934.1,60.1,570.3,378.8,1.0126,102.0,100.5
2024-01-15 13:00:00,16.6,9.1,0.0,7.28,1.77,12.3,0.165,308.32,907.5,60.9,535.5,359.8,1.0174,95.0,105.2
2024-01-15 14:00:00,16.4,9.0,-0.0,7.28,1.92,13.2,0.166,308.75,882.4,59.2,531.3,348.3,1.0141,87.3,92.7
2024-01-15 15:00:00,16.2,8.7,0.1,7.24,2.36,12.7,0.166,308.44,865.9,59.4,513.1,346.5,1.0143,77.3,95.5
2024-01-15 16:00:00,16.2,9.2,0.0,7.24,1.88,12.4,0.166,308.81,838.7,60.4,510.2,342.9,1.0128,85.1,98.2
2024-01-15 17:00:00,16.0,8.9,-0.1,7.27,2.11,12.3,0.166,308.46,852.8,60.1,500.5,333.4,1.0157,85.0,94.7
2024-01-15 18:00:00,16.3,8.7,-0.0,7.25,2.23,12.5,0.166,308.79,841.8,60.6,508.4,339.6,1.0199,89.8,95.7
2024-01-15 19:00:00,16.3,8.9,-0.1,7.14,1.89,,0.166,308.87,,60.0,496.4,327.3,1.0165,91.5,88.7
2024-01-15 20:00:00,16.5,9.3,0.1,7.24,2.1,12.9,0.166,308.82,814.6,59.6,503.4,331.1,1.0132,79.9,96.7
2024-01-15 21:00:00,16.2,9.2,0.0,7.21,2.22,12.6,0.166,308.7,835.2,59.9,497.2,331.8,1.0172,87.2,90.5
2024-01-15 22:00:00,16.6,8.9,0.2,7.26,2.08,12.3,0.166,308.6,819.5,59.2,498.1,330.0,1.0143,87.0,91.9
2024-01-15 23:00:00,16.9,8.9,-0.0,7.4,2.51,13.1,0.166,308.53,827.1,59.4,499.5,330.2,1.0176,88.5,94.7
2024-01-16 00:00:00,15.0,8.9,-0.1,7.27,1.82,,0.166,308.94,836.4,60.5,494.1,339.9,1.0165,85.6,94.0
2024-01-16 01:00:00,15.2,9.4,-0.2,7.24,2.23,12.7,0.166,308.51,832.2,60.4,500.0,329.1,1.009,73.4,93.6
2024-01-16 02:00:00,15.3,9.1,-0.2,7.3,2.04,12.3,0.166,308.44,823.2,60.2,508.2,342.5,1.0129,82.4,89.8
2024-01-16 03:00:00,15.0,9.1,-0.2,7.28,2.19,12.6,0.166,308.78,832.3,59.1,494.6,334.7,1.0168,77.4,92.1
2024-01-16 04:00:00,15.2,9.2,0.0,7.27,2.14,12.6,0.166,308.49,817.5,59.8,506.7,333.6,1.0152,82.3,93.7
2024-01-16 05:00:00,15.2,9.1,0.1,7.28,1.96,11.9,0.166,308.46,845.0,59.4,509.0,335.4,1.0129,88.2,86.9
2024-01-16 06:00:00,15.3,9.0,-0.2,7.36,2.1,,0.166,308.36,832.2,60.6,495.5,344.0,1.0136,84.9,91.5
2024-01-16 07:00:00,15.0,9.0,0.1,7.2,1.79,12.9,0.166,308.55,846.2,59.7,,330.3,1.0111,89.2,95.8
2024-01-16 08:00:00,15.3,9.0,-0.0,7.28,2.16,12.3,0.166,308.63,830.6,59.4,503.0,330.1,1.0147,85.2,87.6
2024-01-16 09:00:00,15.5,9.0,0.0,7.21,2.12,12.1,0.166,308.7,831.5,60.0,498.4,332.0,1.0193,77.1,99.8
2024-01-16 10:00:00,15.8,9.2,0.2,7.28,2.17,12.6,0.166,308.84,829.9,59.6,513.3,335.6,1.0165,71.1,100.5
2024-01-16 11:00:00,15.7,9.0,0.1,7.21,2.23,12.5,0.166,308.75,847.2,60.7,502.7,329.0,1.0193,84.5,88.0
2024-01-16 12:00:00,16.1,9.2,-0.0,7.23,2.13,12.6,0.166,308.61,832.2,59.6,498.2,336.4,1.0167,82.8,101.1
2024-01-16 13:00:00,15.2,9.0,-0.1,7.24,2.09,12.5,0.167,308.61,846.7,59.2,496.5,343.6,1.017,79.0,93.7
2024-01-16 14:00:00,15.8,9.0,-0.2,7.3,1.94,12.6,0.167,308.75,837.4,58.8,510.4,337.9,1.0189,75.5,96.6
2024-01-16 15:00:00,15.6,8.6,-0.1,7.3,1.97,12.9,0.167,308.9,822.4,59.9,500.9,336.6,1.0157,80.4,92.1
2024-01-16 16:00:00,16.2,9.2,-0.0,7.19,2.25,12.6,0.167,308.67,837.4,59.6,505.1,335.9,1.0146,83.2,99.3
2024-01-16 17:00:00,15.4,9.1,-0.1,7.25,2.29,12.1,0.167,308.55,832.3,59.1,511.0,342.5,1.017,87.5,96.8
2024-01-16 18:00:00,15.4,9.2,-0.0,7.22,2.04,12.8,0.167,308.45,845.4,60.4,502.8,336.1,1.0179,85.2,90.7
2024-01-16 19:00:00,15.5,8.5,0.0,7.19,2.08,12.9,0.167,308.36,834.2,60.2,505.9,347.3,1.014,92.4,89.1
2024-01-16 20:00:00,15.1,9.5,-0.0,7.24,1.94,13.4,0.167,308.78,856.4,59.8,506.5,348.3,1.0135,79.3,87.7
2024-01-16 21:00:00,15.6,9.0,-0.1,7.24,2.25,12.1,0.167,308.76,847.2,60.5,511.2,342.1,1.0153,88.9,96.0
2024-01-16 22:00:00,15.5,9.3,0.0,7.37,2.17,12.5,0.167,308.76,847.4,60.1,511.1,341.6,1.0167,84.8,98.0
2024-01-16 23:00:00,15.8,8.8,0.0,7.27,2.37,11.8,0.167,308.62,856.8,59.3,506.6,346.4,1.0166,88.1,98.5
2024-01-17 00:00:00,15.9,9.2,-0.1,7.18,1.94,12.6,0.167,308.93,861.0,59.2,508.8,347.3,1.0122,82.6,94.7
2024-01-17 01:00:00,16.4,8.8,0.1,7.22,,12.2,0.167,308.55,852.2,60.1,506.6,340.3,1.0188,90.2,89.6
2024-01-17 02:00:00,16.2,8.9,-0.0,7.3,2.11,13.0,0.168,308.84,845.8,59.9,500.4,342.1,1.0137,86.4,92.1
2024-01-17 03:00:00,15.8,9.4,0.0,7.35,2.17,12.1,0.168,308.64,836.8,59.7,511.3,339.5,1.0145,81.6,101.3
2024-01-17 04:00:00,15.7,9.0,0.1,7.17,2.04,11.9,0.168,308.52,848.8,59.2,521.6,347.1,1.0132,85.0,93.2
2024-01-17 05:00:00,16.1,9.1,0.0,7.16,1.94,12.2,0.168,308.76,850.6,59.9,505.3,348.8,1.0204,83.9,96.5
2024-01-17 06:00:00,15.6,9.3,0.1,7.34,2.21,11.8,0.168,308.73,859.0,59.2,506.5,341.4,1.0155,87.6,90.5
2024-01-17 07:00:00,16.6,9.2,0.0,7.27,2.18,12.6,0.168,308.72,855.6,59.5,506.3,345.7,1.0134,79.4,97.6
2024-01-17 08:00:00,16.4,9.1,-0.1,7.21,1.94,11.7,0.168,308.66,867.1,60.2,516.3,342.9,1.0168,85.2,93.7
2024-01-17 09:00:00,16.0,9.2,0.0,7.28,2.28,12.4,0.168,308.64,855.2,59.2,515.1,345.4,1.0166,87.4,101.3
2024-01-17 10:00:00,15.6,9.6,-0.1,7.12,2.25,,0.168,309.12,862.0,58.7,511.9,351.9,1.0147,85.6,100.0
2024-01-17 11:00:00,16.6,9.1,0.0,7.25,2.1,12.3,0.168,308.88,875.5,58.9,507.8,347.5,1.0168,92.3,93.8
2024-01-17 12:00:00,16.2,9.2,-0.0,7.27,2.09,12.8,0.168,308.79,853.0,59.9,505.2,343.7,1.0133,88.0,94.0
2024-01-17 13:00:00,16.6,9.3,-0.0,7.29,2.16,12.4,0.168,308.67,839.4,59.5,489.3,334.8,1.014,83.1,90.7
2024-01-17 14:00:00,15.8,9.3,-0.0,7.2,1.95,12.1,0.168,308.84,827.7,59.3,495.5,339.8,1.0109,83.5,85.7
2024-01-17 15:00:00,16.1,9.4,-0.2,7.25,2.08,12.3,0.168,308.75,823.3,59.0,497.2,337.5,1.0122,83.5,88.0
2024-01-17 16:00:00,16.3,9.3,-0.1,7.2,1.75,12.3,0.169,308.65,818.7,59.5,482.7,334.0,1.0185,83.7,92.9
2024-01-17 17:00:00,16.3,8.9,0.0,7.26,2.21,12.5,0.169,308.58,820.4,58.8,,335.9,1.0181,72.4,93.3
2024-01-17 18:00:00,16.2,9.5,0.0,7.2,1.84,11.9,0.169,308.63,832.8,59.4,498.0,337.4,1.015,79.9,92.3
2024-01-17 19:00:00,16.6,8.9,-0.1,7.23,2.3,12.5,0.169,308.01,822.9,58.8,484.5,333.7,1.0182,73.9,90.0
2024-01-17 20:00:00,16.1,9.2,0.1,7.2,2.03,11.5,0.169,308.68,812.0,58.7,494.9,331.5,1.0145,87.7,96.2
2024-01-17 21:00:00,16.4,9.0,-0.1,7.28,2.05,12.1,0.169,308.54,843.8,58.8,487.2,345.2,1.0144,81.1,91.8
2024-01-17 22:00:00,16.5,9.2,0.1,7.29,1.98,,0.169,308.96,830.1,58.9,487.3,336.0,1.015,80.4,95.1
2024-01-17 23:00:00,16.6,9.3,0.0,7.24,2.04,12.5,0.169,308.64,813.7,59.0,491.2,338.9,1.0146,85.9,82.7
2024-01-18 00:00:00,16.7,9.3,-0.1,7.25,2.29,12.3,0.169,308.4,824.4,59.1,483.5,344.0,1.0144,83.6,72.0
2024-01-18 01:00:00,16.2,9.3,0.2,7.17,1.71,11.9,0.169,308.63,831.0,57.1,489.9,354.9,1.0172,75.9,93.1
2024-01-18 02:00:00,16.1,9.5,-0.1,7.23,2.27,,0.169,308.43,848.1,58.5,487.2,336.6,1.0152,81.2,84.7
2024-01-18 03:00:00,17.0,9.3,0.1,7.24,2.13,12.3,0.169,308.73,821.1,58.7,481.9,344.1,1.0163,80.0,90.8
2024-01-18 04:00:00,16.7,9.2,0.1,7.38,1.9,12.3,0.169,308.7,843.1,59.6,492.2,340.3,1.017,73.0,90.4
2024-01-18 05:00:00,16.4,9.4,-0.1,7.19,1.92,12.1,0.169,308.83,848.6,58.2,489.0,341.8,1.0157,78.3,99.9
2024-01-18 06:00:00,17.1,9.5,0.1,7.32,2.33,12.1,0.17,308.48,829.5,58.8,490.0,341.9,1.013,80.9,94.1
2024-01-18 07:00:00,16.7,9.0,-0.0,7.3,1.94,12.5,0.17,308.64,834.2,59.4,484.1,341.2,1.0122,81.3,93.0
2024-01-18 08:00:00,17.0,9.4,0.0,7.26,1.91,12.1,0.17,308.36,827.9,58.0,501.2,346.4,1.0152,74.5,96.4
2024-01-18 09:00:00,16.7,9.4,0.0,7.33,2.25,12.2,0.17,308.77,837.4,58.8,497.3,341.5,1.0146,87.8,94.1
2024-01-18 10:00:00,17.3,9.2,-0.0,7.26,2.13,12.9,0.17,308.74,840.3,58.2,,352.0,1.0151,81.6,90.0
2024-01-18 11:00:00,17.3,9.6,0.1,7.27,1.94,11.8,0.17,308.73,848.5,58.3,491.0,349.3,1.0149,82.3,97.8
2024-01-18 12:00:00,16.7,9.3,0.1,7.24,2.11,11.7,0.17,308.63,854.0,58.1,482.8,351.6,1.0201,84.2,86.9
2024-01-18 13:00:00,17.1,9.3,-0.2,7.31,1.93,12.5,0.17,308.72,836.9,58.1,505.2,349.0,1.0123,78.3,94.2
2024-01-18 14:00:00,17.0,9.3,0.1,7.3,2.25,12.0,0.17,308.95,825.9,59.8,493.5,350.2,1.011,84.6,84.9
2024-01-18 15:00:00,17.2,9.3,-0.2,7.21,2.24,12.1,0.17,308.57,846.6,58.8,489.7,353.7,1.0156,80.5,93.7
2024-01-18 16:00:00,16.5,9.1,0.1,7.18,2.16,12.0,0.17,308.66,850.9,58.9,497.1,348.8,1.0142,77.9,93.7
2024-01-18 17:00:00,17.0,9.1,0.1,7.24,,12.2,0.17,308.41,851.7,58.5,501.9,352.9,1.0156,85.4,101.2
2024-01-18 18:00:00,17.2,9.7,-0.1,7.21,2.35,12.7,0.17,308.46,847.2,57.4,495.1,351.7,1.0162,90.0,85.0
2024-01-18 19:00:00,16.3,9.2,-0.0,7.24,,12.5,0.17,308.65,852.9,58.4,503.2,352.5,1.0176,86.2,89.9
2024-01-18 20:00:00,16.5,9.2,-0.1,7.31,1.91,12.5,0.17,308.85,868.0,58.7,502.4,348.5,1.012,87.3,97.1
2024-01-18 21:00:00,16.3,9.0,-0.0,7.22,2.15,11.8,0.17,308.58,857.8,57.7,489.8,363.1,1.0139,80.1,94.7
2024-01-18 22:00:00,16.8,9.3,-0.0,7.24,2.4,11.9,0.171,308.58,851.5,58.5,492.5,355.9,1.0159,74.8,94.0
2024-01-18 23:00:00,17.1,9.1,0.1,7.25,1.93,11.4,0.171,308.54,851.4,58.4,502.6,364.2,1.0166,90.3,88.4
2024-01-19 00:00:00,17.4,9.7,0.1,7.29,2.03,12.0,0.171,308.52,855.9,58.9,480.9,364.7,1.0194,93.1,90.3
2024-01-19 01:00:00,16.9,9.6,0.1,7.13,2.15,12.5,0.171,308.68,875.1,57.7,496.6,356.1,1.017,90.6,99.5
2024-01-19 02:00:00,17.4,9.3,-0.1,7.21,2.08,12.4,0.171,308.32,858.1,57.3,489.2,357.8,1.0149,81.3,93.1
2024-01-19 03:00:00,16.5,9.9,-0.0,7.26,1.94,12.1,0.171,308.88,860.9,57.7,495.2,373.2,1.0133,77.2,95.3
2024-01-19 04:00:00,16.4,9.7,-0.2,7.3,2.25,12.2,0.171,308.49,857.4,58.5,496.6,370.9,1.0139,77.7,92.9
2024-01-19 05:00:00,16.9,9.4,-0.1,7.22,2.43,12.0,0.171,308.77,874.3,56.8,496.5,364.6,1.0139,74.7,87.6
2024-01-19 06:00:00,17.1,9.0,0.1,7.15,2.11,12.2,0.171,308.37,884.1,56.7,495.6,366.6,1.0164,82.6,98.2
2024-01-19 07:00:00,17.0,10.0,0.2,7.28,1.95,12.4,0.171,308.75,870.1,57.7,492.6,363.9,1.0156,91.2,96.1
2024-01-19 08:00:00,16.4,9.2,-0.1,7.21,1.85,11.7,0.171,308.75,867.6,57.4,513.2,369.0,1.0125,82.5,105.2
2024-01-19 09:00:00,17.0,9.2,-0.1,7.18,2.12,12.3,0.171,308.7,868.2,57.6,510.9,365.2,1.0142,84.8,88.6
2024-01-19 10:00:00,16.6,9.7,-0.0,7.21,2.25,12.4,0.171,308.42,845.1,58.0,493.0,360.8,1.0169,90.2,97.9
2024-01-19 11:00:00,17.2,10.0,0.0,7.23,2.16,12.0,0.171,308.67,877.5,57.2,509.7,364.5,1.0158,81.4,87.2
2024-01-19 12:00:00,17.1,9.8,-0.1,7.21,2.08,12.4,0.171,308.38,872.4,56.5,498.1,370.7,1.0163,93.6,94.6
2024-01-19 13:00:00,16.7,9.7,0.0,7.13,2.0,13.0,0.171,308.56,876.5,58.4,501.5,366.9,1.0159,93.4,98.8
2024-01-19 14:00:00,16.8,9.7,-0.0,7.29,1.92,12.1,0.171,308.82,866.1,56.9,,372.0,1.0184,82.8,83.6
2024-01-19 15:00:00,16.7,9.8,-0.0,7.31,2.64,12.3,0.172,308.77,870.4,56.8,497.3,368.7,1.0156,80.7,93.0
2024-01-19 16:00:00,17.0,9.8,0.1,7.28,2.22,11.9,0.172,308.62,871.2,57.8,507.4,370.7,1.0144,87.1,91.2
2024-01-19 17:00:00,17.3,9.7,0.0,7.19,1.85,12.2,0.172,308.42,886.6,57.1,502.5,378.1,1.0133,81.9,90.6
2024-01-19 18:00:00,16.7,9.6,-0.0,7.23,2.32,12.3,0.172,308.74,873.6,57.2,499.1,376.4,1.0157,77.9,96.0
2024-01-19 19:00:00,17.2,9.6,-0.0,7.24,2.17,12.2,0.172,308.61,899.2,57.4,494.3,376.2,1.0103,90.1,99.8
2024-01-19 20:00:00,16.8,9.5,-0.0,7.27,,,0.172,308.15,883.7,57.7,497.0,380.5,1.0148,89.8,93.5
2024-01-19 21:00:00,16.8,9.6,-0.0,7.28,1.88,12.2,0.172,308.77,867.6,56.9,492.7,379.7,1.0148,84.5,95.3
2024-01-19 22:00:00,17.0,9.3,-0.0,7.21,1.88,12.6,0.172,308.6,,57.8,502.9,384.3,1.0125,77.5,94.8
2024-01-19 23:00:00,16.7,9.7,0.2,7.25,2.06,12.3,0.172,308.85,,55.9,495.8,377.4,1.0133,77.7,94.3
2024-01-20 00:00:00,16.8,9.5,0.1,7.27,2.16,12.4,0.172,308.39,861.2,57.4,501.6,378.3,1.0168,84.4,88.9
2024-01-20 01:00:00,16.6,9.5,-0.0,7.32,2.35,12.1,0.172,307.97,900.1,56.5,511.6,375.5,1.0157,81.4,99.9
2024-01-20 02:00:00,17.6,9.8,0.1,7.28,2.19,12.3,0.172,308.66,892.1,57.6,510.8,379.7,1.0154,82.2,95.9
2024-01-20 03:00:00,17.0,10.0,-0.0,7.28,2.05,12.2,0.172,308.66,891.3,56.9,503.6,386.0,1.0158,89.1,96.4
2024-01-20 04:00:00,16.8,9.9,0.1,7.25,1.93,11.8,0.172,308.26,888.5,56.5,503.4,388.0,1.0154,87.7,90.5
2024-01-20 05:00:00,17.0,9.4,0.0,7.31,2.27,12.2,0.172,308.41,873.9,57.1,515.4,387.4,1.0177,90.9,92.2
2024-01-20 06:00:00,16.9,9.6,-0.0,7.26,1.94,11.8,0.172,309.15,883.7,57.2,507.5,377.0,1.0155,79.1,93.7
2024-01-20 07:00:00,16.9,10.0,0.0,7.2,2.33,11.9,0.172,308.54,897.8,57.0,502.5,389.2,1.0123,82.4,86.9
2024-01-20 08:00:00,17.1,9.6,-0.2,7.31,2.04,12.2,0.172,308.74,879.7,56.2,496.1,378.2,1.0185,87.9,86.2
2024-01-20 09:00:00,17.2,9.8,-0.1,7.28,2.32,12.2,0.172,308.47,865.7,56.4,507.2,389.8,1.016,86.4,91.7
2024-01-20 10:00:00,16.8,9.9,-0.1,7.22,2.19,11.7,0.172,308.18,889.5,56.6,510.0,385.3,1.0141,91.8,97.3
2024-01-20 11:00:00,16.7,9.6,0.0,7.22,2.06,12.4,0.172,308.56,891.2,56.6,501.4,390.2,1.0127,86.3,91.5
2024-01-20 12:00:00,16.8,9.9,0.2,7.26,2.01,12.3,0.172,308.54,894.7,56.9,507.1,382.7,1.016,93.5,89.7
2024-01-20 13:00:00,16.2,9.6,0.2,7.27,2.03,11.9,0.172,308.51,901.4,55.5,503.3,393.3,1.015,86.9,90.7
2024-01-20 14:00:00,16.4,9.8,0.1,7.25,,11.6,0.173,308.57,901.2,56.7,504.5,383.3,1.0184,89.6,92.5
2024-01-20 15:00:00,17.3,10.0,0.1,7.26,2.1,12.0,0.173,308.64,898.1,56.3,490.8,387.1,1.0146,82.7,93.1
2024-01-20 16:00:00,17.3,9.6,-0.2,7.33,2.0,12.0,0.173,308.56,908.2,56.0,504.6,386.3,1.0136,84.4,105.7
2024-01-20 17:00:00,16.8,10.0,-0.1,7.3,2.06,12.1,0.173,308.34,881.7,56.1,511.9,383.8,1.0171,88.9,100.2
2024-01-20 18:00:00,17.0,9.9,-0.1,7.25,2.1,12.0,0.173,308.69,902.6,56.3,502.4,391.8,1.0171,92.4,100.0
2024-01-20 19:00:00,16.9,10.1,-0.1,7.29,1.77,11.5,0.173,308.2,904.5,54.6,506.6,399.1,1.0156,88.0,100.8
2024-01-20 20:00:00,17.7,10.0,-0.0,7.19,2.15,12.0,0.173,308.18,886.5,56.0,501.9,403.1,1.0166,84.0,90.0
2024-01-20 21:00:00,17.1,10.2,-0.0,7.26,1.94,12.0,0.173,308.73,884.4,55.9,508.8,393.3,1.0152,91.3,88.9
2024-01-20 22:00:00,16.7,10.0,-0.2,7.33,1.91,12.3,0.173,308.69,892.6,56.6,505.4,397.8,1.0158,73.5,89.5
2024-01-20 23:00:00,16.5,9.9,0.1,7.23,1.83,11.9,0.173,308.57,894.0,55.9,501.2,394.7,1.0176,77.4,101.7
2024-01-21 00:00:00,16.2,10.0,4.9,7.18,1.85,12.6,0.175,308.3,908.7,56.1,515.0,396.2,1.0166,87.9,92.3
2024-01-21 01:00:00,16.8,10.1,5.0,7.19,1.91,11.5,0.175,308.44,895.6,57.0,512.6,393.3,1.015,84.6,88.8
2024-01-21 02:00:00,16.5,10.0,5.2,7.17,2.01,12.5,0.175,308.53,893.7,56.7,503.6,395.9,1.018,87.6,92.9
2024-01-21 03:00:00,16.2,10.1,4.9,7.18,2.41,12.0,0.175,308.26,896.7,56.6,510.3,397.6,1.0106,84.9,93.9
2024-01-21 04:00:00,16.5,9.9,4.7,7.2,2.04,12.3,0.175,308.43,914.5,55.9,510.6,393.5,1.0194,87.4,96.5
2024-01-21 05:00:00,16.3,9.9,5.0,7.15,2.14,,0.175,308.71,903.9,56.4,511.4,395.9,1.0119,80.5,96.4
2024-01-21 06:00:00,17.1,9.8,5.1,7.22,2.18,12.4,0.175,308.86,902.4,56.0,660.4,396.3,1.0141,87.5,91.0
2024-01-21 07:00:00,16.8,10.5,5.2,7.27,2.13,11.9,0.176,308.49,903.5,56.0,513.8,400.2,1.0152,89.6,98.6
2024-01-21 08:00:00,16.6,9.9,4.9,7.18,2.1,11.7,0.176,308.72,918.0,56.3,504.4,393.0,1.015,90.7,92.0
2024-01-21 09:00:00,17.0,10.0,5.0,7.3,1.94,12.5,0.176,308.19,897.9,55.8,505.8,397.3,1.0173,94.7,94.5
2024-01-21 10:00:00,16.5,10.0,5.0,7.25,2.33,12.0,0.176,308.7,919.0,56.8,523.8,405.4,1.0132,85.9,98.7
2024-01-21 11:00:00,16.2,10.3,5.0,7.27,2.39,12.1,0.176,308.41,908.3,56.0,509.9,402.7,1.0159,86.1,92.1
2024-01-21 12:00:00,16.9,10.1,5.3,7.19,1.86,12.4,0.176,308.63,904.9,56.4,505.9,403.7,1.0142,77.1,92.4
2024-01-21 13:00:00,16.6,10.4,4.8,7.27,1.96,11.7,0.176,308.52,931.8,56.8,495.1,398.6,1.0159,82.1,98.3
2024-01-21 14:00:00,16.1,10.1,5.0,7.41,2.07,12.2,0.176,308.83,896.6,56.6,516.7,400.1,1.0152,83.8,91.0
2024-01-21 15:00:00,16.3,10.3,5.0,7.27,1.97,11.9,0.176,308.39,903.9,55.3,500.4,403.0,1.0155,90.0,93.4
2024-01-21 16:00:00,16.1,10.0,5.1,7.23,2.19,12.0,0.176,308.69,,56.2,502.5,405.4,1.0142,81.7,98.1
2024-01-21 17:00:00,15.9,10.7,5.0,7.25,2.01,12.1,0.176,308.51,917.5,56.4,506.6,391.5,1.0143,88.8,105.6
2024-01-21 18:00:00,16.6,10.0,5.0,7.16,2.44,11.6,0.176,308.53,925.1,56.5,517.2,394.2,1.0159,84.8,98.4
2024-01-21 19:00:00,16.9,10.3,5.0,7.18,2.29,11.8,0.176,308.52,925.1,55.5,513.4,404.8,1.0172,83.9,97.8
2024-01-21 20:00:00,15.8,10.4,5.0,7.25,2.15,12.4,0.176,308.39,920.8,55.7,507.9,398.6,1.0141,86.1,98.1
2024-01-21 21:00:00,16.4,10.4,5.0,7.18,2.27,12.3,0.176,308.55,906.8,56.5,510.8,397.1,1.0136,82.9,90.1
2024-01-21 22:00:00,16.0,10.3,5.1,7.25,2.28,12.0,0.176,308.54,905.2,55.6,505.4,394.9,1.0166,82.7,96.0
2024-01-21 23:00:00,16.0,10.3,5.0,7.16,2.03,12.1,0.176,308.6,892.3,55.9,509.9,397.7,1.0153,76.3,95.3
2024-01-22 00:00:00,16.0,10.3,5.0,7.27,1.99,11.9,0.176,308.57,929.5,56.8,,394.4,1.017,83.6,97.1
2024-01-22 01:00:00,15.9,10.3,5.0,7.16,2.13,12.4,0.176,308.71,913.9,56.0,515.0,408.4,1.0135,82.5,96.1
2024-01-22 02:00:00,16.1,10.5,5.1,7.25,2.24,12.0,0.176,308.74,904.4,55.6,515.0,400.0,1.0118,82.3,97.4
2024-01-22 03:00:00,15.8,10.8,5.0,7.26,2.13,,0.176,308.34,922.6,55.6,512.3,399.8,1.0143,87.0,93.9
2024-01-22 04:00:00,16.1,10.3,4.8,7.19,1.88,12.4,0.176,308.72,899.7,56.2,507.2,402.4,1.0138,88.2,95.8
2024-01-22 05:00:00,16.0,10.1,5.1,7.25,1.99,,0.176,308.31,913.5,55.3,513.9,403.9,1.0152,86.1,89.4
2024-01-22 06:00:00,15.9,10.4,4.9,7.24,2.1,12.5,0.176,308.66,907.7,55.9,508.9,403.7,1.0141,89.9,93.9
2024-01-22 07:00:00,15.7,10.9,4.9,7.2,2.1,11.6,0.176,308.67,915.8,56.2,503.0,404.2,1.0168,87.8,102.5
2024-01-22 08:00:00,15.7,10.3,4.9,7.17,2.41,12.5,0.176,308.16,908.7,56.7,507.2,397.3,1.0148,83.5,97.1
2024-01-22 09:00:00,16.1,10.8,5.1,7.13,1.9,11.9,0.176,308.56,894.8,56.4,510.1,398.5,1.0156,82.6,95.4
2024-01-22 10:00:00,16.0,10.8,4.8,7.24,2.19,11.9,0.176,308.45,910.0,55.7,515.1,402.6,1.0157,86.5,105.0
2024-01-22 11:00:00,15.5,10.3,5.3,7.15,2.34,11.4,0.176,308.39,919.6,56.7,508.6,397.3,1.0157,87.8,88.8
2024-01-22 12:00:00,15.8,10.6,5.1,7.23,2.45,11.9,0.176,308.81,959.7,55.9,531.1,421.7,1.0156,96.7,95.4
2024-01-22 13:00:00,16.0,10.8,5.0,7.21,2.05,11.7,0.176,308.41,1003.4,55.5,558.8,438.8,1.0169,99.0,113.3
2024-01-22 14:00:00,15.2,10.4,5.0,7.26,2.19,11.8,0.176,308.37,1010.0,56.0,573.2,451.1,1.0144,92.7,107.6
2024-01-22 15:00:00,15.9,10.5,5.0,7.21,2.2,12.0,0.176,308.55,1037.5,56.8,583.5,448.3,1.0189,96.6,108.0
2024-01-22 16:00:00,15.5,10.4,5.1,7.21,2.14,12.3,0.176,308.67,1043.6,56.2,594.8,463.4,1.0157,101.6,104.5
2024-01-22 17:00:00,15.8,10.3,5.1,7.26,2.1,12.1,0.176,308.5,1065.7,56.2,600.3,463.1,1.0136,104.4,113.6
2024-01-22 18:00:00,15.4,10.4,5.1,7.24,2.18,12.1,0.176,308.76,1064.3,57.0,594.0,469.2,1.0166,104.3,114.8
2024-01-22 19:00:00,15.0,10.3,5.0,7.24,1.73,11.7,0.176,308.63,1074.9,55.5,596.3,471.1,1.0146,99.7,107.0
2024-01-22 20:00:00,15.0,10.6,5.0,7.25,2.21,11.7,0.176,308.09,1081.5,55.6,595.5,475.4,1.0176,94.0,112.1
2024-01-22 21:00:00,15.5,10.4,5.0,7.15,2.13,12.5,0.176,308.42,1079.4,55.4,607.1,474.9,1.0207,95.5,111.4
2024-01-22 22:00:00,15.5,10.6,5.0,7.26,2.08,11.8,0.176,308.41,1076.3,56.4,612.5,475.2,1.0147,102.0,114.5
2024-01-22 23:00:00,15.2,10.3,5.1,7.26,2.42,12.5,0.176,308.62,1064.3,56.3,602.5,475.7,1.017,102.5,107.7
2024-01-23 00:00:00,15.6,10.7,0.1,7.2,1.98,11.9,0.173,308.0,1074.7,57.1,603.4,471.0,1.0128,95.3,119.7
2024-01-23 01:00:00,14.9,10.8,-0.3,7.23,2.02,12.0,0.173,309.03,1069.5,56.4,614.0,469.8,1.0172,101.1,118.1
2024-01-23 02:00:00,15.3,10.2,0.1,7.24,,12.3,0.173,308.62,1071.4,56.1,608.5,472.9,1.0146,104.1,111.7
2024-01-23 03:00:00,14.9,10.7,0.0,7.24,1.96,12.4,0.173,308.55,619.6,56.4,608.3,472.0,1.0151,95.2,112.5
2024-01-23 04:00:00,15.1,10.9,-0.0,7.26,2.0,12.0,0.173,308.75,1064.7,56.4,598.7,467.5,1.0141,106.5,112.9
2024-01-23 05:00:00,15.2,10.4,-0.0,7.32,2.06,11.9,0.173,308.98,1054.7,55.6,610.0,469.9,1.0178,99.1,109.7
2024-01-23 06:00:00,14.9,11.0,0.1,7.3,2.21,12.0,0.173,308.69,1067.2,57.8,600.5,467.7,1.0183,107.3,111.4
2024-01-23 07:00:00,15.0,10.8,0.1,7.18,2.11,12.1,0.173,308.7,1075.5,56.7,599.3,464.0,1.0164,98.4,112.3
2024-01-23 08:00:00,15.4,10.5,-0.1,7.28,1.89,12.3,0.173,308.53,1059.6,56.6,604.1,472.1,1.0146,95.9,121.7
2024-01-23 09:00:00,14.9,10.7,0.0,7.31,2.0,12.0,0.173,308.48,1072.8,56.8,602.7,466.6,1.0195,98.8,118.4
2024-01-23 10:00:00,15.3,10.8,-0.1,7.27,1.99,12.2,0.173,308.41,1091.2,56.9,605.0,474.1,1.0148,100.6,118.4
2024-01-23 11:00:00,14.7,10.7,-0.1,7.3,2.07,12.5,0.173,308.34,1082.0,56.5,597.7,458.9,1.012,99.1,115.5
2024-01-23 12:00:00,16.6,10.8,-0.1,7.34,2.15,12.1,0.174,308.36,1087.7,56.3,,462.6,1.0172,100.0,108.1
2024-01-23 13:00:00,16.9,10.5,0.1,7.29,2.15,12.1,0.174,308.23,1074.7,56.9,613.2,464.4,1.0141,102.7,113.5
2024-01-23 14:00:00,15.7,10.8,0.1,7.25,1.82,11.5,0.174,308.48,1081.9,56.9,594.8,468.2,1.0183,100.2,118.6
2024-01-23 15:00:00,16.1,10.5,0.1,7.29,2.25,11.2,0.174,308.16,1062.4,56.3,612.4,464.7,1.0155,100.8,107.4
2024-01-23 16:00:00,16.5,10.7,0.1,7.25,2.13,12.1,0.174,308.53,1062.7,57.4,601.7,463.7,1.0175,92.6,116.9
2024-01-23 17:00:00,16.2,10.6,0.1,7.24,2.3,12.0,0.174,308.49,1041.1,56.9,611.8,457.4,1.0191,103.1,125.4
2024-01-23 18:00:00,16.4,10.6,-0.1,7.22,2.15,11.8,0.174,308.52,1079.8,57.2,606.3,456.6,1.0139,100.7,119.1
2024-01-23 19:00:00,16.0,11.0,0.0,7.32,2.25,12.1,0.174,308.39,1082.7,57.5,606.9,461.9,1.0151,109.2,120.8
2024-01-23 20:00:00,16.2,11.0,0.1,7.2,2.16,12.0,0.174,309.11,1061.2,56.9,605.6,454.5,1.0161,96.4,114.9
2024-01-23 21:00:00,16.1,10.9,0.1,7.32,2.29,12.3,0.174,308.76,1063.6,57.1,614.1,457.2,1.0193,92.1,118.6
2024-01-23 22:00:00,16.5,10.6,0.1,7.27,,12.0,0.174,308.24,1057.9,57.4,599.4,460.6,1.015,104.2,110.2
2024-01-23 23:00:00,16.2,10.7,0.1,7.17,2.07,11.8,0.174,308.53,1068.6,56.6,610.5,454.0,1.0151,102.9,117.8
2024-01-24 00:00:00,16.2,11.1,0.0,7.26,2.43,12.3,0.174,308.36,1075.4,57.1,613.5,463.7,1.0172,96.1,117.1
2024-01-24 01:00:00,15.9,10.9,0.1,7.14,2.22,11.9,0.174,308.28,1046.0,57.1,611.2,461.5,1.0151,93.5,115.2
2024-01-24 02:00:00,15.8,11.3,-0.0,7.27,2.17,12.2,0.174,308.21,1066.9,56.6,620.9,449.6,1.0166,108.8,120.4
2024-01-24 03:00:00,15.8,10.9,-0.1,7.29,1.89,11.9,0.174,308.56,1059.3,58.3,603.8,451.4,1.0131,108.2,111.1
2024-01-24 04:00:00,16.0,10.9,-0.0,7.21,1.89,11.8,0.174,308.34,1062.5,56.5,612.7,445.3,1.0207,88.7,112.9
2024-01-24 05:00:00,15.8,10.8,-0.1,7.25,2.13,12.0,0.174,308.67,1065.3,56.6,606.3,450.6,1.0135,98.9,114.3
2024-01-24 06:00:00,15.9,10.9,-0.1,7.34,2.11,12.0,0.174,308.67,1058.0,57.9,614.4,456.0,1.0156,109.5,108.7
2024-01-24 07:00:00,16.4,10.8,-0.0,7.22,1.99,12.2,0.174,308.75,1058.2,57.7,606.9,450.5,1.0162,98.8,114.9
2024-01-24 08:00:00,16.1,11.0,-0.1,7.19,2.11,11.9,0.174,308.3,1056.3,56.8,604.7,453.3,1.0201,98.7,105.2
2024-01-24 09:00:00,15.7,11.1,-0.0,7.32,2.32,11.5,0.174,308.56,1067.4,57.7,614.8,444.6,1.0136,99.8,119.0
2024-01-24 10:00:00,16.1,10.7,-0.2,7.34,2.19,11.9,0.174,308.59,1061.1,58.2,604.1,453.1,1.0202,95.6,114.0
2024-01-24 11:00:00,15.6,10.6,0.0,7.24,1.91,12.2,0.174,308.37,1058.4,57.5,598.5,446.9,1.0177,92.6,111.2
2024-01-24 12:00:00,15.1,10.5,0.0,7.29,2.07,11.9,0.174,308.31,991.7,58.8,574.6,426.7,1.0167,101.5,104.1
2024-01-24 13:00:00,15.3,11.0,-0.1,7.31,1.96,11.9,0.174,308.78,964.1,56.7,560.8,410.4,1.0137,83.6,103.3
2024-01-24 14:00:00,15.0,10.7,0.1,7.21,2.03,12.3,0.173,308.51,951.1,57.9,551.0,394.3,1.0167,91.7,105.2
2024-01-24 15:00:00,15.5,10.5,0.1,7.39,2.02,11.8,0.173,308.59,924.2,58.2,533.2,386.7,1.014,93.2,102.6
2024-01-24 16:00:00,15.5,11.0,-0.2,7.31,2.01,11.6,0.173,308.29,917.3,58.1,533.3,389.2,1.0179,80.3,95.0
2024-01-24 17:00:00,16.0,11.4,-0.1,7.33,1.9,12.0,0.173,308.21,919.0,57.6,512.2,382.6,1.0134,82.1,93.3
2024-01-24 18:00:00,15.6,10.9,-0.1,7.27,2.06,11.9,0.173,308.34,904.9,57.6,514.1,381.9,1.015,92.2,100.2
2024-01-24 19:00:00,15.4,11.1,-0.1,7.2,2.0,11.7,0.173,308.43,890.4,58.0,512.5,376.5,1.0141,88.4,92.8
2024-01-24 20:00:00,15.7,11.0,0.1,7.34,1.64,12.0,0.173,308.24,880.6,58.3,511.8,373.8,1.0132,82.3,96.4
2024-01-24 21:00:00,14.7,10.9,-0.0,7.22,2.39,12.2,0.173,308.45,857.2,58.2,,364.7,1.0167,91.2,96.5
2024-01-24 22:00:00,15.4,11.1,-0.0,7.23,2.25,12.0,0.173,308.11,878.8,58.5,514.4,369.2,1.0163,91.1,97.2
2024-01-24 23:00:00,15.6,10.9,-0.2,7.26,2.03,12.1,0.173,308.22,875.4,57.5,506.9,369.0,1.0176,86.3,99.8
2024-01-25 00:00:00,14.9,11.0,0.1,7.32,2.09,12.6,0.173,308.58,896.2,57.9,518.7,382.3,1.0117,81.8,90.8
2024-01-25 01:00:00,15.6,11.0,-0.1,7.29,1.91,11.9,0.173,308.56,900.2,57.6,523.4,380.8,1.0174,85.2,88.6
2024-01-25 02:00:00,15.3,10.8,0.0,7.27,2.34,,0.173,308.36,904.8,57.9,522.2,386.4,1.0204,89.4,96.1
2024-01-25 03:00:00,15.1,11.2,0.0,7.27,2.37,,0.173,308.23,894.3,58.7,529.9,384.0,1.0145,87.5,108.5
2024-01-25 04:00:00,15.4,10.9,0.1,7.04,2.11,11.8,0.173,308.23,905.3,58.3,531.6,379.4,1.0192,93.4,109.9
2024-01-25 05:00:00,15.8,10.8,-0.1,7.27,2.24,11.9,0.173,308.36,921.1,59.6,532.8,383.0,1.0149,81.3,109.2
2024-01-25 06:00:00,15.2,11.1,-0.3,7.12,2.11,11.9,0.173,308.56,934.3,58.4,534.8,383.4,1.0127,81.6,99.3
2024-01-25 07:00:00,15.2,10.8,0.0,7.23,1.88,12.1,0.173,308.62,916.5,58.4,535.7,378.5,1.0148,90.1,91.4
2024-01-25 08:00:00,15.0,11.0,0.2,7.26,2.02,12.7,0.173,308.33,920.7,58.4,533.0,380.3,1.0175,86.8,88.7
2024-01-25 09:00:00,14.8,11.0,0.1,7.19,2.1,11.8,0.173,308.2,926.6,58.1,543.4,380.5,1.0137,86.2,97.4
2024-01-25 10:00:00,15.3,11.2,0.0,7.27,2.01,11.9,0.173,308.48,908.5,58.4,528.9,387.1,1.0142,80.5,99.5
2024-01-25 11:00:00,14.8,11.1,-0.0,7.24,2.05,12.0,0.173,308.26,919.7,59.1,531.6,371.7,1.0166,89.4,107.0
2024-01-25 12:00:00,15.0,11.0,0.1,7.33,2.07,12.2,0.173,308.32,907.9,58.6,552.6,384.2,1.0154,89.1,104.8
2024-01-25 13:00:00,14.8,11.2,-0.1,7.32,2.07,12.1,0.173,308.68,923.2,58.2,529.6,374.9,1.0165,92.6,101.6
2024-01-25 14:00:00,15.1,11.3,0.0,7.22,2.09,12.4,0.173,308.58,915.3,58.2,527.7,372.5,1.0159,89.6,96.0
2024-01-25 15:00:00,15.0,11.1,0.1,7.24,1.92,11.3,0.173,308.45,915.9,58.5,540.1,382.0,1.0163,88.6,95.6
2024-01-25 16:00:00,15.2,11.0,0.1,7.24,1.97,11.3,0.173,308.16,904.2,58.8,523.1,379.4,1.0145,95.1,101.7
2024-01-25 17:00:00,14.7,10.7,0.3,7.22,1.89,11.9,0.173,308.45,918.3,59.4,534.0,380.8,1.0158,82.7,103.9
2024-01-25 18:00:00,14.8,10.8,0.0,7.26,2.23,12.4,0.173,308.62,931.2,58.1,548.1,378.3,1.0135,91.9,102.3
2024-01-25 19:00:00,14.6,10.9,-0.1,7.21,1.76,11.6,0.173,308.33,899.4,58.7,525.8,382.6,1.0179,80.8,95.2
2024-01-25 20:00:00,14.7,10.9,-0.0,7.19,2.25,11.2,0.172,308.68,905.2,59.0,523.0,375.9,1.0141,85.0,103.6
2024-01-25 21:00:00,14.9,11.0,-0.2,7.28,2.29,12.2,0.172,308.66,910.0,58.0,525.8,372.3,1.0176,83.1,102.4
2024-01-25 22:00:00,15.0,11.0,-0.1,7.28,2.03,12.1,0.172,308.73,914.6,58.5,540.0,373.6,1.0149,93.0,94.9
2024-01-25 23:00:00,14.5,11.1,-0.0,7.21,1.69,11.7,0.172,308.46,900.3,58.7,541.2,376.4,1.0157,88.7,96.3
2024-01-26 00:00:00,15.0,11.0,-0.1,7.29,2.03,11.8,0.172,308.52,876.7,58.6,531.2,367.7,1.0143,89.0,103.6
2024-01-26 01:00:00,15.1,11.1,0.0,7.22,2.07,11.8,0.172,308.68,917.7,59.2,538.2,367.5,1.0133,83.5,99.0
2024-01-26 02:00:00,14.8,11.0,-0.1,7.26,1.93,12.1,0.172,308.48,910.9,59.0,542.2,368.1,1.0118,87.5,108.0
2024-01-26 03:00:00,15.3,10.6,0.1,7.29,2.0,11.9,0.172,308.29,884.9,58.9,544.4,360.3,1.0132,85.1,102.6
2024-01-26 04:00:00,14.5,10.8,0.0,7.25,2.31,12.2,0.172,308.3,895.4,59.4,532.0,368.6,1.0147,90.8,97.6
2024-01-26 05:00:00,14.3,11.0,-0.0,7.27,2.18,11.2,0.172,308.44,916.3,60.1,519.5,359.8,1.0157,83.9,99.9
2024-01-26 06:00:00,14.1,10.8,-0.0,7.22,1.94,11.8,0.172,308.13,914.2,60.1,528.1,366.9,1.0173,95.5,100.3
2024-01-26 07:00:00,15.1,11.1,0.0,7.24,1.84,11.7,0.172,308.36,908.3,58.3,530.3,369.5,1.0144,80.4,96.3
2024-01-26 08:00:00,14.8,11.3,0.1,7.24,2.03,12.0,0.172,308.6,896.3,59.6,531.1,363.5,1.0135,84.7,95.3
2024-01-26 09:00:00,14.6,11.2,-0.1,7.21,2.05,11.9,0.172,307.94,898.0,59.3,531.3,371.4,1.0124,97.1,103.3
2024-01-26 10:00:00,14.7,10.9,-0.1,7.24,2.15,12.3,0.172,308.69,895.0,59.5,538.9,358.3,1.0162,86.5,104.0
2024-01-26 11:00:00,14.3,11.3,-0.0,7.17,2.0,11.5,0.172,308.6,906.8,59.2,539.7,368.3,1.018,82.1,102.8
2024-01-26 12:00:00,15.3,11.0,-0.1,7.22,2.16,12.1,0.172,308.28,885.9,59.5,530.8,365.6,1.0178,89.7,107.3
2024-01-26 13:00:00,14.6,10.9,-0.1,7.23,2.37,12.3,0.172,308.48,885.8,59.5,538.2,355.4,1.0167,86.2,97.0
2024-01-26 14:00:00,14.6,10.9,-0.0,7.23,2.2,12.7,0.172,308.37,903.1,59.2,533.5,372.5,1.0165,84.4,108.0
2024-01-26 15:00:00,14.8,10.9,0.1,7.24,2.07,12.0,0.172,308.62,891.7,59.1,531.5,360.8,1.0186,83.0,95.1
2024-01-26 16:00:00,14.7,10.9,0.0,7.24,2.05,12.2,0.172,308.56,905.2,59.3,536.3,357.0,1.0159,102.3,94.5
2024-01-26 17:00:00,14.6,11.0,0.0,7.27,2.02,11.6,0.172,308.09,883.9,59.7,677.9,354.3,1.0165,87.2,90.7
2024-01-26 18:00:00,14.3,11.0,0.1,7.29,2.26,11.4,0.172,308.48,889.2,59.9,542.7,358.5,1.0146,78.8,97.2
2024-01-26 19:00:00,14.7,11.0,-0.0,7.22,1.98,12.4,0.171,308.32,879.8,60.1,521.5,358.3,1.0125,95.8,96.9
2024-01-26 20:00:00,15.1,11.1,0.0,7.19,2.08,12.1,0.171,308.38,888.3,59.4,526.8,358.7,1.0139,91.4,102.0
2024-01-26 21:00:00,14.9,11.2,-0.0,7.2,2.09,12.5,0.171,308.21,872.7,59.8,528.9,356.6,1.0152,84.4,100.5
2024-01-26 22:00:00,15.0,11.1,0.0,7.22,2.0,11.7,0.171,308.71,881.8,60.2,532.1,359.8,1.0153,83.6,93.3
2024-01-26 23:00:00,14.4,10.7,-0.1,7.23,1.87,12.3,0.171,308.56,871.6,60.3,536.8,355.2,1.0191,91.6,97.3
2024-01-27 00:00:00,14.2,10.4,-0.2,7.21,2.13,12.7,0.171,308.2,892.1,59.7,528.8,348.5,1.0154,86.9,97.3
2024-01-27 01:00:00,14.5,11.1,-0.0,7.18,2.07,12.3,0.171,308.08,891.6,59.7,520.1,355.2,1.0176,78.5,90.2
2024-01-27 02:00:00,14.5,10.7,0.1,7.23,2.15,12.2,0.171,308.27,866.4,59.9,533.5,345.9,1.0143,97.0,94.2
2024-01-27 03:00:00,14.8,10.9,0.1,7.26,2.0,12.1,0.171,308.43,896.4,59.2,532.7,356.3,1.0146,85.9,95.2
2024-01-27 04:00:00,14.0,10.7,0.1,7.28,2.26,11.7,0.171,308.39,907.3,59.7,516.2,350.5,1.0125,95.5,106.1
2024-01-27 05:00:00,15.0,10.6,0.1,7.22,1.95,12.6,0.171,308.59,882.1,60.2,527.6,354.7,1.0137,94.3,99.9
2024-01-27 06:00:00,14.5,11.0,0.0,7.23,2.33,12.0,0.171,308.5,874.5,60.2,517.8,358.8,1.0162,82.9,102.2
2024-01-27 07:00:00,14.4,11.1,0.0,7.2,1.82,12.3,0.171,308.53,908.5,59.7,523.1,349.4,1.0152,93.0,91.3
2024-01-27 08:00:00,14.2,10.8,-0.1,7.25,2.14,11.7,0.171,308.4,866.4,60.0,521.4,357.0,1.0171,84.5,104.7
2024-01-27 09:00:00,14.0,10.4,-0.0,7.21,2.15,11.8,0.171,308.06,879.1,59.5,531.4,350.7,1.0155,78.4,105.2
2024-01-27 10:00:00,14.8,10.8,0.1,7.28,1.96,12.6,0.171,308.29,880.1,60.3,527.0,359.0,1.0145,85.6,88.7
2024-01-27 11:00:00,14.5,11.0,0.1,7.16,2.14,12.1,0.171,308.54,891.1,59.9,,350.2,1.0195,89.7,95.1
2024-01-27 12:00:00,14.1,10.6,-0.0,7.23,2.27,12.6,0.171,308.32,880.7,59.8,531.0,348.0,1.015,85.3,101.1
2024-01-27 13:00:00,14.1,10.9,-0.0,7.26,1.74,12.1,0.171,308.43,871.5,59.8,516.8,353.8,1.0175,86.0,101.7
2024-01-27 14:00:00,14.4,10.9,0.0,7.26,2.15,11.6,0.171,308.26,866.3,59.9,527.2,348.9,1.0143,93.2,95.1
2024-01-27 15:00:00,15.0,11.0,0.1,7.38,1.7,12.4,0.171,308.12,,59.7,520.0,347.0,1.0166,88.0,96.9
2024-01-27 16:00:00,14.5,10.9,-0.1,7.27,1.93,12.0,0.171,308.29,864.6,60.3,522.4,348.2,1.017,83.2,95.4
2024-01-27 17:00:00,14.1,10.7,-0.2,7.2,2.32,12.4,0.17,308.38,874.6,59.8,527.4,349.6,1.0156,90.9,98.9
2024-01-27 18:00:00,14.5,11.1,-0.1,7.24,1.99,12.2,0.17,308.18,868.0,60.8,527.2,354.9,1.0104,88.3,104.2
2024-01-27 19:00:00,14.5,10.8,-0.1,7.16,1.9,11.7,0.17,308.27,858.1,60.7,531.8,341.6,1.0152,74.7,94.4
2024-01-27 20:00:00,13.8,10.8,-0.1,7.24,2.05,12.2,0.17,308.12,885.1,59.5,523.0,349.2,1.0176,89.4,103.2
2024-01-27 21:00:00,14.6,10.6,-0.0,7.21,2.39,12.9,0.17,308.53,867.1,60.0,525.1,351.3,1.0162,89.2,94.2
2024-01-27 22:00:00,14.5,10.7,-0.0,7.29,1.8,12.4,0.17,308.25,858.9,59.7,520.3,349.4,1.016,87.3,93.8
2024-01-27 23:00:00,14.8,10.6,0.1,7.22,1.92,12.2,0.17,308.6,869.4,59.8,523.7,353.7,1.0117,91.6,102.1
2024-01-28 00:00:00,15.2,10.8,0.0,7.24,2.3,12.5,0.17,308.61,871.3,61.0,525.0,348.0,1.0137,83.7,102.6
2024-01-28 01:00:00,15.0,11.1,0.0,7.22,,12.3,0.17,308.28,852.7,59.8,521.5,347.3,1.0159,88.7,102.1
2024-01-28 02:00:00,14.6,10.5,0.1,7.34,2.06,12.3,0.17,308.1,873.1,60.2,511.0,350.3,1.0159,79.1,91.3
2024-01-28 03:00:00,14.3,10.5,-0.1,7.23,1.89,11.9,0.17,307.88,858.8,60.3,523.5,348.2,1.0175,89.0,95.5
2024-01-28 04:00:00,15.4,11.1,0.1,7.34,2.39,12.3,0.17,308.0,886.0,59.5,523.4,346.1,1.0148,96.6,101.8
2024-01-28 05:00:00,14.7,10.7,-0.0,7.29,,12.5,0.17,308.02,873.8,59.6,516.9,349.6,1.0159,81.9,97.9
2024-01-28 06:00:00,14.7,10.6,0.1,7.27,2.18,12.0,0.17,308.57,864.1,59.4,513.0,344.8,1.0151,83.0,92.3
2024-01-28 07:00:00,14.7,11.0,-0.1,7.27,1.96,12.7,0.17,308.31,860.3,59.5,529.3,344.9,1.0131,83.2,99.9
2024-01-28 08:00:00,14.8,10.6,-0.2,7.27,2.07,12.2,0.17,308.36,866.4,58.5,523.1,345.2,1.0106,87.3,93.9
2024-01-28 09:00:00,14.7,11.1,0.1,7.15,2.05,12.0,0.17,307.84,873.2,60.2,518.5,352.7,1.016,81.3,106.4
2024-01-28 10:00:00,14.6,10.9,0.0,7.23,2.13,12.5,0.17,308.04,866.5,61.0,512.7,334.3,1.0154,88.7,105.1
2024-01-28 11:00:00,14.6,10.6,-0.1,7.29,2.3,12.2,0.17,308.46,864.3,60.0,514.4,348.7,1.0139,90.8,100.4
2024-01-28 12:00:00,14.8,11.1,-0.1,7.25,2.21,12.5,0.17,308.33,866.8,59.2,526.8,347.3,1.0119,89.2,104.1
2024-01-28 13:00:00,14.6,10.6,0.1,7.18,1.92,12.2,0.17,308.25,859.9,59.6,519.6,340.4,1.0164,77.6,97.6
2024-01-28 14:00:00,14.6,10.8,-0.1,7.25,2.28,12.2,0.169,308.39,862.2,59.7,515.2,348.4,1.0146,91.4,101.0
2024-01-28 15:00:00,14.9,10.7,0.2,7.33,2.13,12.4,0.169,308.6,844.5,59.4,521.3,349.1,1.0162,91.1,104.6
2024-01-28 16:00:00,14.8,10.9,-0.1,7.31,2.18,12.4,0.169,308.22,874.9,60.3,513.0,349.6,1.0188,90.5,98.3
2024-01-28 17:00:00,15.3,11.0,0.1,7.24,2.3,11.7,0.169,308.28,867.9,60.3,526.7,336.7,1.0108,88.1,95.8
2024-01-28 18:00:00,14.1,10.6,-0.0,7.3,1.91,11.9,0.169,308.3,857.0,59.3,525.5,352.8,1.0137,87.3,88.5
2024-01-28 19:00:00,15.2,10.5,0.1,7.23,2.07,12.6,0.169,308.74,883.5,60.2,514.3,344.5,1.0147,91.3,96.5
2024-01-28 20:00:00,15.3,10.7,-0.1,7.16,2.0,12.2,0.169,307.84,865.3,60.6,513.1,350.3,1.018,95.8,101.0
2024-01-28 21:00:00,14.3,10.5,-0.0,7.2,1.84,12.1,0.169,308.4,853.9,60.7,500.9,350.6,1.0118,81.3,101.6
2024-01-28 22:00:00,14.9,11.0,0.0,7.33,2.13,11.9,0.169,308.23,872.7,61.2,507.4,344.2,1.019,91.4,99.3
2024-01-28 23:00:00,14.9,10.6,-0.1,7.23,2.46,12.0,0.169,308.37,867.9,59.3,508.0,350.5,1.0154,85.6,94.1
2024-01-29 00:00:00,14.6,10.5,0.1,7.24,1.8,11.7,0.169,308.12,867.8,61.1,516.6,346.5,1.0149,85.3,86.8
2024-01-29 01:00:00,14.8,10.6,-0.1,7.23,2.07,12.3,0.169,308.24,859.5,59.5,513.6,339.9,1.0147,78.2,94.2
2024-01-29 02:00:00,14.8,10.3,-0.0,7.34,2.17,12.1,0.169,308.39,868.2,59.4,507.2,353.0,1.0142,84.5,95.1
2024-01-29 03:00:00,15.6,10.4,-0.1,7.33,2.1,12.0,0.169,308.87,861.0,59.8,,345.5,1.0172,80.9,95.0
2024-01-29 04:00:00,15.4,10.8,-0.3,7.36,2.06,12.3,0.169,308.4,,59.3,517.8,345.3,1.0129,83.5,99.6
2024-01-29 05:00:00,15.5,10.4,-0.0,7.24,1.88,12.4,0.169,308.07,844.5,59.8,517.7,347.4,1.0158,80.3,106.4
2024-01-29 06:00:00,15.4,10.3,0.2,7.26,2.11,13.0,0.169,308.15,859.2,58.9,502.9,350.3,1.0143,83.5,97.1
2024-01-29 07:00:00,14.9,10.6,0.1,7.17,1.42,11.9,0.169,308.15,880.8,59.4,513.3,349.2,1.0136,83.7,95.3
2024-01-29 08:00:00,15.1,10.7,-0.0,7.32,1.75,12.7,0.169,307.88,855.9,60.1,505.6,351.9,1.0203,86.1,95.1
2024-01-29 09:00:00,15.4,10.6,-0.0,7.19,2.26,12.6,0.169,308.17,857.5,59.4,519.0,344.6,1.0159,77.5,96.9
2024-01-29 10:00:00,14.9,10.7,0.0,7.26,2.22,12.1,0.169,308.38,859.1,59.5,518.1,347.3,1.0163,78.3,92.1
2024-01-29 11:00:00,15.5,10.3,0.1,7.19,2.09,12.4,0.168,307.97,851.5,59.7,507.8,350.1,1.0174,87.3,96.8
2024-01-29 12:00:00,15.3,10.2,-0.1,7.22,2.11,12.2,0.168,308.44,841.7,60.0,508.3,358.4,1.0122,81.5,98.4
2024-01-29 13:00:00,15.3,10.7,0.1,7.2,2.24,12.4,0.168,308.32,861.5,58.5,510.0,350.7,1.0186,90.8,97.2
2024-01-29 14:00:00,15.6,10.4,0.1,7.22,2.11,12.8,0.168,308.07,865.3,59.6,499.0,355.8,1.0101,86.5,98.4
2024-01-29 15:00:00,15.6,10.4,0.1,7.22,2.22,12.5,0.168,308.19,863.6,59.2,514.3,351.9,1.0135,88.4,98.2
2024-01-29 16:00:00,15.4,10.7,0.0,7.22,2.04,12.5,0.168,308.54,862.8,59.3,510.4,350.2,1.0142,92.4,87.2
2024-01-29 17:00:00,15.8,10.5,0.0,7.29,2.28,12.2,0.168,308.36,864.8,59.7,517.7,351.5,1.0162,83.8,99.2
2024-01-29 18:00:00,15.2,10.5,0.1,7.19,2.13,11.9,0.168,308.21,874.8,58.6,505.1,352.2,1.0155,82.4,92.6
2024-01-29 19:00:00,15.7,10.8,0.1,7.26,2.11,12.3,0.168,308.16,862.8,58.6,507.7,355.7,1.0148,89.6,90.4
2024-01-29 20:00:00,15.8,10.2,-0.0,7.31,1.89,12.7,0.168,308.22,859.2,58.1,502.2,359.1,1.0151,87.8,90.3
2024-01-29 21:00:00,15.5,10.5,-0.1,7.22,2.12,11.9,0.168,308.1,862.3,58.8,505.0,355.5,1.0131,84.2,98.0
2024-01-29 22:00:00,15.8,10.3,0.0,7.21,1.96,12.1,0.168,307.78,871.1,59.7,503.8,359.2,1.0121,92.1,94.7
2024-01-29 23:00:00,15.3,10.4,0.2,7.23,1.99,12.4,0.168,308.61,,58.9,516.7,351.0,1.0165,84.1,87.3
2024-01-30 00:00:00,16.0,10.6,-0.1,7.3,1.96,12.1,0.168,308.23,859.5,58.3,506.3,353.6,1.0165,85.3,98.1
2024-01-30 01:00:00,15.7,10.4,-0.1,7.26,1.92,12.2,0.168,308.28,867.1,58.7,511.1,352.9,1.0183,85.2,88.5
2024-01-30 02:00:00,15.6,10.4,0.0,7.22,2.4,12.3,0.168,308.18,869.8,58.1,,357.5,1.0135,80.4,96.4
2024-01-30 03:00:00,16.1,10.5,0.0,7.27,2.28,12.0,0.168,308.05,856.7,58.3,502.4,355.2,1.0165,85.4,96.8
2024-01-30 04:00:00,15.6,10.2,0.0,7.19,2.37,12.1,0.168,308.15,867.2,59.0,508.8,360.1,1.0145,92.0,100.0
2024-01-30 05:00:00,15.5,10.1,0.0,7.28,1.9,12.6,0.168,307.87,852.6,58.2,513.3,353.9,1.0175,87.2,104.5
2024-01-30 06:00:00,15.4,10.0,-0.0,7.27,2.09,12.0,0.168,308.64,849.9,59.3,502.3,358.3,1.0171,85.1,88.7
2024-01-30 07:00:00,16.1,9.8,0.1,7.23,1.89,12.0,0.167,307.94,871.6,58.6,514.2,361.4,1.0155,84.1,95.2
2024-01-30 08:00:00,15.6,10.6,-0.2,7.2,1.98,12.2,0.167,307.98,864.5,58.7,504.1,350.8,1.0144,86.5,94.1
2024-01-30 09:00:00,16.5,10.0,-0.1,7.2,1.94,12.7,0.167,308.09,870.7,58.5,506.2,368.1,1.017,88.6,97.6
2024-01-30 10:00:00,15.4,10.1,-0.0,7.27,2.27,12.4,0.167,308.44,868.9,58.9,512.1,359.0,1.0164,87.9,96.5
2024-01-30 11:00:00,16.6,10.1,-0.2,7.31,2.02,12.3,0.167,308.18,859.7,58.9,504.8,352.6,1.0137,83.1,93.6
2024-01-30 12:00:00,16.2,10.2,-0.0,7.21,2.24,12.5,0.167,307.93,869.5,58.6,508.9,361.9,1.0125,86.4,93.2
2024-01-30 13:00:00,16.1,10.3,0.2,7.27,2.17,11.9,0.167,308.42,858.0,58.7,506.7,361.9,1.0145,87.2,89.8
2024-01-30 14:00:00,16.0,10.3,0.0,7.14,2.43,12.6,0.167,308.32,884.7,58.3,509.2,362.0,1.0182,79.7,100.3
2024-01-30 15:00:00,16.3,10.0,0.0,7.22,1.86,12.6,0.167,308.28,857.6,58.6,494.0,366.8,1.0174,85.6,97.6
2024-01-30 16:00:00,16.2,10.1,-0.1,7.24,2.27,12.3,0.167,308.31,869.7,58.1,497.2,366.4,1.0129,73.9,99.9
2024-01-30 17:00:00,16.6,10.1,-0.1,7.2,2.26,12.8,0.167,308.64,861.7,58.3,511.8,365.2,1.0128,87.1,93.7
2024-01-30 18:00:00,16.4,10.0,-0.0,7.2,1.94,12.1,0.167,308.6,878.3,58.1,514.2,366.4,1.0177,88.0,92.0
2024-01-30 19:00:00,16.4,10.4,-0.0,7.21,2.23,12.8,0.167,308.02,869.8,57.9,502.5,364.8,1.0129,88.4,89.8
2024-01-30 20:00:00,16.3,10.1,0.1,7.26,2.13,12.5,0.167,308.48,868.4,57.8,506.4,372.9,1.0162,82.7,97.0
2024-01-30 21:00:00,16.4,10.2,0.1,7.23,2.05,12.4,0.167,308.23,882.7,58.3,509.5,360.5,1.0139,86.2,90.0
2024-01-30 22:00:00,16.6,10.1,-0.1,7.13,1.96,12.5,0.167,308.25,874.9,58.7,511.8,367.5,1.0184,91.7,104.4
2024-01-30 23:00:00,16.0,10.2,0.0,7.14,1.98,12.5,0.167,307.81,,58.6,495.4,367.8,1.0136,91.7,88.6
